{"babel":{"cost":2.6168030821884445,"resolved":false},"cachetools":{"cost":5.029124463137617,"resolved":false},"chardet":{"cost":2.4626873147409,"resolved":false},"cookiecutter":{"cost":3.870322490261552,"resolved":false},"deprecated":{"cost":2.2198635445389354,"resolved":true},"imapclient":{"cost":6.260672118214747,"resolved":false},"jinja":{"cost":2.442776538575649,"resolved":true},"marshmallow":{"cost":8.261548124587426,"resolved":false},"minitorch":{"cost":6.519493208576603,"resolved":false},"parsel":{"cost":0.21460308745576656,"resolved":false},"portalocker":{"cost":4.06841576331883,"resolved":false},"pyjwt":{"cost":8.164760212666454,"resolved":false},"simpy":{"cost":0.10557381315083982,"resolved":false},"tinydb":{"cost":10.465449348573008,"resolved":false},"voluptuous":{"cost":6.539964478440845,"resolved":false},"wcwidth":{"cost":0.0523424115723837,"resolved":false}}
