{"Automattic__wp-calypso-21648":{"cost":0.969573787986921,"resolved":false},"Automattic__wp-calypso-21769":{"cost":1.7318704848737179,"resolved":false},"Automattic__wp-calypso-21964":{"cost":3.156772430571883,"resolved":false},"Automattic__wp-calypso-22242":{"cost":2.2254840564865757,"resolved":true},"Automattic__wp-calypso-22621":{"cost":3.3877524886546735,"resolved":false},"Automattic__wp-calypso-22709":{"cost":1.8528632050400735,"resolved":false},"Automattic__wp-calypso-22782":{"cost":1.5208125077559058,"resolved":false},"Automattic__wp-calypso-23377":{"cost":2.879654013196871,"resolved":false},"Automattic__wp-calypso-23915":{"cost":2.545595675628378,"resolved":false},"Automattic__wp-calypso-23991":{"cost":2.6062650412134567,"resolved":false},"Automattic__wp-calypso-25160":{"cost":2.9489964624564617,"resolved":false},"Automattic__wp-calypso-25257":{"cost":4.867618258042144,"resolved":false},"Automattic__wp-calypso-25725":{"cost":1.8993776632494705,"resolved":false},"Automattic__wp-calypso-25778":{"cost":2.6020114837824413,"resolved":false},"Automattic__wp-calypso-26286":{"cost":1.8615503620934222,"resolved":false},"Automattic__wp-calypso-26335":{"cost":2.3319981815640167,"resolved":false},"Automattic__wp-calypso-27090":{"cost":3.094537037624582,"resolved":false},"Automattic__wp-calypso-33752":{"cost":1.8642893327883054,"resolved":false},"Automattic__wp-calypso-34435":{"cost":3.035501639851281,"resolved":false},"Automattic__wp-calypso-34597":{"cost":5.5129559563104005,"resolved":false},"Automattic__wp-calypso-35531":{"cost":6.066732251870232,"resolved":false},"chartjs__Chart.js-10301":{"cost":2.5669076240756636,"resolved":true},"chartjs__Chart.js-11116":{"cost":1.5422098670540592,"resolved":true},"chartjs__Chart.js-8162":{"cost":4.21910240260153,"resolved":true},"chartjs__Chart.js-8567":{"cost":1.8672956976810762,"resolved":false},"chartjs__Chart.js-8650":{"cost":3.876235585748342,"resolved":false},"chartjs__Chart.js-8705":{"cost":4.647150043372157,"resolved":true},"chartjs__Chart.js-8710":{"cost":1.117613601120783,"resolved":false},"chartjs__Chart.js-8868":{"cost":2.3757760955231575,"resolved":false},"chartjs__Chart.js-9027":{"cost":1.381710746049817,"resolved":true},"chartjs__Chart.js-9101":{"cost":2.957875308635338,"resolved":false},"chartjs__Chart.js-9199":{"cost":2.3727182900042956,"resolved":true},"chartjs__Chart.js-9367":{"cost":1.4137999909520922,"resolved":false},"chartjs__Chart.js-9399":{"cost":3.672649116925785,"resolved":false},"chartjs__Chart.js-9678":{"cost":1.915873119112292,"resolved":false},"chartjs__Chart.js-9766":{"cost":2.7069493904302266,"resolved":false},"chartjs__Chart.js-9871":{"cost":2.2248313428819304,"resolved":false},"diegomura__react-pdf-1178":{"cost":2.262891097433239,"resolved":true},"diegomura__react-pdf-1280":{"cost":null,"resolved":false},"diegomura__react-pdf-1306":{"cost":1.236234229019848,"resolved":false},"diegomura__react-pdf-1341":{"cost":0.8445847135200051,"resolved":false},"diegomura__react-pdf-1363":{"cost":null,"resolved":false},"diegomura__react-pdf-1541":{"cost":3.536772100128891,"resolved":false},"diegomura__react-pdf-1552":{"cost":1.6002431431964366,"resolved":false},"diegomura__react-pdf-471":{"cost":4.418208198775992,"resolved":false},"markedjs__marked-1262":{"cost":1.0539228266862466,"resolved":false},"markedjs__marked-1435":{"cost":1.615904872685444,"resolved":true},"markedjs__marked-1535":{"cost":1.8075779836786816,"resolved":false},"markedjs__marked-1674":{"cost":1.5713548640460129,"resolved":true},"markedjs__marked-1683":{"cost":3.3309668903394654,"resolved":true},"markedjs__marked-1739":{"cost":1.9194671688937068,"resolved":false},"markedjs__marked-1821":{"cost":1.0469497101173642,"resolved":false},"markedjs__marked-1825":{"cost":1.2357605870286708,"resolved":true},"markedjs__marked-1889":{"cost":1.7370227973945493,"resolved":false},"markedjs__marked-1936":{"cost":2.7479291284455867,"resolved":false},"markedjs__marked-2483":{"cost":2.2561436402146615,"resolved":false},"markedjs__marked-2627":{"cost":2.869592517906827,"resolved":false},"markedjs__marked-2811":{"cost":11.481086233742698,"resolved":true},"markedjs__marked-684":{"cost":3.354318022851226,"resolved":true},"processing__p5.js-3068":{"cost":2.0963418793962,"resolved":false},"processing__p5.js-3680":{"cost":2.4117830779200804,"resolved":true},"processing__p5.js-4561":{"cost":3.388606597163354,"resolved":true},"processing__p5.js-5305":{"cost":1.2210364357435104,"resolved":false},"processing__p5.js-5555":{"cost":2.001892522292799,"resolved":true},"processing__p5.js-5771":{"cost":2.6901574230339933,"resolved":false},"processing__p5.js-5915":{"cost":4.02068037852294,"resolved":false},"processing__p5.js-5970":{"cost":2.0322483151535926,"resolved":true},"processing__p5.js-6069":{"cost":1.4282121014582285,"resolved":true}}
