{"Automattic__wp-calypso-21648":{"cost":0.36360205,"resolved":false},"Automattic__wp-calypso-21769":{"cost":4.484821449999999,"resolved":false},"Automattic__wp-calypso-21964":{"cost":0.8163461500000001,"resolved":true},"Automattic__wp-calypso-22242":{"cost":0.5618981999999999,"resolved":true},"Automattic__wp-calypso-22621":{"cost":1.3303148,"resolved":false},"Automattic__wp-calypso-22709":{"cost":2.5089385500000008,"resolved":false},"Automattic__wp-calypso-22782":{"cost":0.6231988999999999,"resolved":false},"Automattic__wp-calypso-23377":{"cost":0.6201351499999997,"resolved":false},"Automattic__wp-calypso-23915":{"cost":6.060442749999999,"resolved":false},"Automattic__wp-calypso-23991":{"cost":0.6542342999999999,"resolved":false},"Automattic__wp-calypso-25160":{"cost":3.04018365,"resolved":false},"Automattic__wp-calypso-25257":{"cost":1.4770895000000002,"resolved":false},"Automattic__wp-calypso-25725":{"cost":2.5097016,"resolved":false},"Automattic__wp-calypso-25778":{"cost":2.0766418,"resolved":false},"Automattic__wp-calypso-26286":{"cost":0.54668765,"resolved":true},"Automattic__wp-calypso-26335":{"cost":4.694072550000001,"resolved":false},"Automattic__wp-calypso-27090":{"cost":2.9831850999999987,"resolved":false},"Automattic__wp-calypso-33752":{"cost":2.687902550000001,"resolved":false},"Automattic__wp-calypso-34435":{"cost":4.6721670500000005,"resolved":false},"Automattic__wp-calypso-34597":{"cost":3.753091050000001,"resolved":false},"Automattic__wp-calypso-35531":{"cost":0.64065605,"resolved":false},"chartjs__Chart.js-10301":{"cost":0.45189789999999996,"resolved":true},"chartjs__Chart.js-11116":{"cost":1.2390904500000002,"resolved":true},"chartjs__Chart.js-8162":{"cost":5.79828855,"resolved":false},"chartjs__Chart.js-8567":{"cost":10.702304550000003,"resolved":false},"chartjs__Chart.js-8650":{"cost":9.345546350000003,"resolved":false},"chartjs__Chart.js-8705":{"cost":3.907917950000001,"resolved":false},"chartjs__Chart.js-8710":{"cost":3.40961515,"resolved":false},"chartjs__Chart.js-8868":{"cost":6.356422300000002,"resolved":false},"chartjs__Chart.js-9027":{"cost":0.6951348500000001,"resolved":true},"chartjs__Chart.js-9101":{"cost":1.1939021,"resolved":true},"chartjs__Chart.js-9199":{"cost":4.159665700000001,"resolved":true},"chartjs__Chart.js-9367":{"cost":1.5767081499999998,"resolved":true},"chartjs__Chart.js-9399":{"cost":6.602835550000002,"resolved":false},"chartjs__Chart.js-9678":{"cost":8.681260700000005,"resolved":false},"chartjs__Chart.js-9766":{"cost":7.495985700000003,"resolved":true},"chartjs__Chart.js-9871":{"cost":0.6719859500000002,"resolved":false},"diegomura__react-pdf-1178":{"cost":0.6015299000000001,"resolved":true},"diegomura__react-pdf-1280":{"cost":0.48133194999999995,"resolved":true},"diegomura__react-pdf-1306":{"cost":0.64063105,"resolved":false},"diegomura__react-pdf-1341":{"cost":0.26497704999999994,"resolved":false},"diegomura__react-pdf-1363":{"cost":1.6093169500000002,"resolved":false},"diegomura__react-pdf-1541":{"cost":1.2064745,"resolved":true},"diegomura__react-pdf-1552":{"cost":0.48923405,"resolved":false},"diegomura__react-pdf-471":{"cost":0.5311236999999999,"resolved":true},"markedjs__marked-1262":{"cost":1.14016445,"resolved":false},"markedjs__marked-1435":{"cost":0.9710262500000002,"resolved":true},"markedjs__marked-1535":{"cost":0.5801875,"resolved":false},"markedjs__marked-1674":{"cost":0.20627475,"resolved":true},"markedjs__marked-1683":{"cost":1.0041396499999997,"resolved":true},"markedjs__marked-1739":{"cost":0.4943539,"resolved":false},"markedjs__marked-1821":{"cost":0.3419576,"resolved":false},"markedjs__marked-1825":{"cost":0.2838286,"resolved":true},"markedjs__marked-1889":{"cost":2.928713649999999,"resolved":false},"markedjs__marked-1936":{"cost":1.3033162,"resolved":false},"markedjs__marked-2483":{"cost":0.9483309000000001,"resolved":false},"markedjs__marked-2627":{"cost":0.7668606,"resolved":false},"markedjs__marked-2811":{"cost":3.91448815,"resolved":false},"markedjs__marked-684":{"cost":0.0,"resolved":false},"processing__p5.js-3068":{"cost":0.4671743,"resolved":false},"processing__p5.js-3680":{"cost":1.55863405,"resolved":true},"processing__p5.js-4561":{"cost":2.7832218500000008,"resolved":true},"processing__p5.js-5305":{"cost":1.7299758500000004,"resolved":false},"processing__p5.js-5555":{"cost":0.9302608500000001,"resolved":false},"processing__p5.js-5771":{"cost":3.076121300000001,"resolved":true},"processing__p5.js-5915":{"cost":2.9424738500000003,"resolved":true},"processing__p5.js-5970":{"cost":0.7715327999999998,"resolved":false},"processing__p5.js-6069":{"cost":0.5533162,"resolved":true}}
