{"babel":{"cost":null,"resolved":false},"cachetools":{"cost":0.7096160200000001,"resolved":true},"chardet":{"cost":2.503355918,"resolved":false},"cookiecutter":{"cost":2.5939671339999992,"resolved":false},"deprecated":{"cost":0.54519178,"resolved":true},"imapclient":{"cost":1.5179554699999998,"resolved":false},"jinja":{"cost":null,"resolved":false},"marshmallow":{"cost":4.465875788000003,"resolved":false},"minitorch":{"cost":2.382063896000001,"resolved":false},"parsel":{"cost":0.6515143899999999,"resolved":false},"portalocker":{"cost":2.1824266899999993,"resolved":false},"pyjwt":{"cost":1.19824824,"resolved":false},"simpy":{"cost":3.0319504189999993,"resolved":false},"tinydb":{"cost":1.2359014599999998,"resolved":false},"voluptuous":{"cost":1.3000758099999994,"resolved":false},"wcwidth":{"cost":1.9948676210000003,"resolved":false}}
