{"Automattic__wp-calypso-21409":{"cost":0.6786079039999999,"resolved":false},"Automattic__wp-calypso-21492":{"cost":null,"resolved":false},"Automattic__wp-calypso-21635":{"cost":0.6861056339999997,"resolved":false},"Automattic__wp-calypso-21648":{"cost":0.63675964,"resolved":false},"Automattic__wp-calypso-21769":{"cost":0.6493858760000001,"resolved":false},"Automattic__wp-calypso-21964":{"cost":0.7096781309999998,"resolved":false},"Automattic__wp-calypso-21977":{"cost":0.41026844399999995,"resolved":false},"Automattic__wp-calypso-22026":{"cost":0.40119653999999993,"resolved":false},"Automattic__wp-calypso-22242":{"cost":0.45925462299999986,"resolved":true},"Automattic__wp-calypso-22621":{"cost":0.776700329,"resolved":false},"Automattic__wp-calypso-22709":{"cost":0.5187486280000002,"resolved":false},"Automattic__wp-calypso-22782":{"cost":0.4273728619999999,"resolved":false},"Automattic__wp-calypso-23017":{"cost":0.3440989080000001,"resolved":false},"Automattic__wp-calypso-23377":{"cost":0.51834823,"resolved":false},"Automattic__wp-calypso-23915":{"cost":0.8330667370000003,"resolved":false},"Automattic__wp-calypso-23991":{"cost":0.5960230420000002,"resolved":false},"Automattic__wp-calypso-25160":{"cost":0.43685646199999995,"resolved":false},"Automattic__wp-calypso-25257":{"cost":null,"resolved":false},"Automattic__wp-calypso-25725":{"cost":0.8976869369999999,"resolved":false},"Automattic__wp-calypso-25778":{"cost":0.8814050479999999,"resolved":false},"Automattic__wp-calypso-26008":{"cost":0.301913135,"resolved":false},"Automattic__wp-calypso-26286":{"cost":0.31396960000000007,"resolved":false},"Automattic__wp-calypso-26335":{"cost":0.7674184169999996,"resolved":false},"Automattic__wp-calypso-26816":{"cost":1.1906572290000004,"resolved":false},"Automattic__wp-calypso-27090":{"cost":0.7664641229999997,"resolved":false},"Automattic__wp-calypso-29804":{"cost":0.5250346530000001,"resolved":false},"Automattic__wp-calypso-30240":{"cost":0.8214004809999998,"resolved":false},"Automattic__wp-calypso-31830":{"cost":0.695790794,"resolved":false},"Automattic__wp-calypso-32764":{"cost":0.0,"resolved":false},"Automattic__wp-calypso-33245":{"cost":0.4286736589999999,"resolved":false},"Automattic__wp-calypso-33752":{"cost":0.558499354,"resolved":false},"Automattic__wp-calypso-33948":{"cost":0.584066155,"resolved":false},"Automattic__wp-calypso-34435":{"cost":0.8606264220000003,"resolved":false},"Automattic__wp-calypso-34519":{"cost":0.6465963650000001,"resolved":false},"Automattic__wp-calypso-34597":{"cost":1.0899145130000005,"resolved":false},"Automattic__wp-calypso-34820":{"cost":1.1069421679999998,"resolved":false},"Automattic__wp-calypso-35531":{"cost":0.8771813990000001,"resolved":false},"chartjs__Chart.js-10157":{"cost":0.6594983619999999,"resolved":false},"chartjs__Chart.js-10301":{"cost":0.513303549,"resolved":true},"chartjs__Chart.js-10806":{"cost":0.6755055560000002,"resolved":false},"chartjs__Chart.js-11116":{"cost":0.47009579199999985,"resolved":true},"chartjs__Chart.js-11352":{"cost":0.0,"resolved":false},"chartjs__Chart.js-7951":{"cost":0.6981688800000001,"resolved":false},"chartjs__Chart.js-8162":{"cost":1.9161686869999999,"resolved":false},"chartjs__Chart.js-8567":{"cost":1.1431355270000008,"resolved":false},"chartjs__Chart.js-8593":{"cost":1.4763276829999985,"resolved":false},"chartjs__Chart.js-8650":{"cost":0.7097061309999998,"resolved":false},"chartjs__Chart.js-8705":{"cost":0.653637097,"resolved":false},"chartjs__Chart.js-8710":{"cost":0.8644586639999998,"resolved":false},"chartjs__Chart.js-8867":{"cost":0.7798173749999996,"resolved":false},"chartjs__Chart.js-8868":{"cost":0.795012014,"resolved":false},"chartjs__Chart.js-9027":{"cost":0.307564672,"resolved":true},"chartjs__Chart.js-9101":{"cost":1.1635364630000002,"resolved":false},"chartjs__Chart.js-9199":{"cost":0.5080951170000002,"resolved":false},"chartjs__Chart.js-9367":{"cost":1.1970237639999999,"resolved":false},"chartjs__Chart.js-9399":{"cost":0.6750532170000001,"resolved":false},"chartjs__Chart.js-9613":{"cost":0.62820372,"resolved":false},"chartjs__Chart.js-9678":{"cost":0.0,"resolved":false},"chartjs__Chart.js-9764":{"cost":0.48089420399999994,"resolved":false},"chartjs__Chart.js-9766":{"cost":0.0,"resolved":false},"chartjs__Chart.js-9871":{"cost":0.3605471700000001,"resolved":false},"diegomura__react-pdf-1178":{"cost":0.8466102159999996,"resolved":true},"diegomura__react-pdf-1280":{"cost":1.1263283969999995,"resolved":false},"diegomura__react-pdf-1285":{"cost":1.0149869529999997,"resolved":false},"diegomura__react-pdf-1306":{"cost":0.434676865,"resolved":false},"diegomura__react-pdf-1341":{"cost":0.26628766600000003,"resolved":false},"diegomura__react-pdf-1363":{"cost":0.8014257620000004,"resolved":false},"diegomura__react-pdf-1541":{"cost":0.5941819439999999,"resolved":false},"diegomura__react-pdf-1552":{"cost":0.301524683,"resolved":false},"diegomura__react-pdf-2400":{"cost":0.7576564510000001,"resolved":false},"diegomura__react-pdf-433":{"cost":0.5448661110000002,"resolved":false},"diegomura__react-pdf-471":{"cost":0.9544522400000001,"resolved":true},"markedjs__marked-1262":{"cost":0.35122250699999996,"resolved":false},"markedjs__marked-1435":{"cost":0.512606394,"resolved":false},"markedjs__marked-1535":{"cost":0.0,"resolved":false},"markedjs__marked-1674":{"cost":0.24088253400000004,"resolved":true},"markedjs__marked-1683":{"cost":0.5172832260000001,"resolved":false},"markedjs__marked-1739":{"cost":0.22507170499999998,"resolved":false},"markedjs__marked-1821":{"cost":0.7697721930000001,"resolved":false},"markedjs__marked-1825":{"cost":0.452842469,"resolved":true},"markedjs__marked-1889":{"cost":0.6630148529999998,"resolved":false},"markedjs__marked-1936":{"cost":0.35428458700000004,"resolved":false},"markedjs__marked-2483":{"cost":0.6810082629999998,"resolved":false},"markedjs__marked-2627":{"cost":0.5442527520000001,"resolved":false},"markedjs__marked-2811":{"cost":null,"resolved":false},"markedjs__marked-684":{"cost":0.33883989000000003,"resolved":true},"processing__p5.js-3068":{"cost":0.6024215340000001,"resolved":true},"processing__p5.js-3680":{"cost":0.4997226409999999,"resolved":true},"processing__p5.js-3709":{"cost":1.0786167449999995,"resolved":false},"processing__p5.js-3769":{"cost":0.9684892730000003,"resolved":false},"processing__p5.js-4147":{"cost":null,"resolved":false},"processing__p5.js-4561":{"cost":0.921384737,"resolved":true},"processing__p5.js-5305":{"cost":1.8044258020000006,"resolved":false},"processing__p5.js-5555":{"cost":0.7271172199999999,"resolved":false},"processing__p5.js-5771":{"cost":0.41406121099999993,"resolved":false},"processing__p5.js-5794":{"cost":0.7576888430000004,"resolved":false},"processing__p5.js-5855":{"cost":0.6968186170000001,"resolved":false},"processing__p5.js-5915":{"cost":1.350331611000001,"resolved":true},"processing__p5.js-5917":{"cost":0.570261678,"resolved":false},"processing__p5.js-5970":{"cost":0.5482759119999999,"resolved":true},"processing__p5.js-6069":{"cost":0.3178696420000001,"resolved":true},"processing__p5.js-6111":{"cost":0.6185108849999997,"resolved":false}}
