{"babel":{"cost":5.220519149999999,"resolved":false},"cachetools":{"cost":1.3715968499999993,"resolved":true},"chardet":{"cost":5.404689000000002,"resolved":false},"cookiecutter":{"cost":3.29052795,"resolved":false},"deprecated":{"cost":0.99028695,"resolved":true},"imapclient":{"cost":4.754268000000002,"resolved":false},"jinja":{"cost":null,"resolved":false},"marshmallow":{"cost":3.1476028499999997,"resolved":false},"minitorch":{"cost":4.458533699999999,"resolved":false},"parsel":{"cost":3.002935200000001,"resolved":false},"portalocker":{"cost":3.1057294500000006,"resolved":false},"pyjwt":{"cost":2.685324900000001,"resolved":false},"simpy":{"cost":5.122725899999998,"resolved":false},"tinydb":{"cost":3.8593646999999995,"resolved":false},"voluptuous":{"cost":3.536028,"resolved":false},"wcwidth":{"cost":1.8044949000000003,"resolved":false}}
