{"Automattic__wp-calypso-21409":{"cost":1.4828676000000005,"resolved":false},"Automattic__wp-calypso-21492":{"cost":1.09148175,"resolved":false},"Automattic__wp-calypso-21635":{"cost":1.7004126,"resolved":null},"Automattic__wp-calypso-21648":{"cost":1.1720293500000003,"resolved":false},"Automattic__wp-calypso-21769":{"cost":1.7418157500000004,"resolved":false},"Automattic__wp-calypso-21964":{"cost":1.9283667,"resolved":false},"Automattic__wp-calypso-21977":{"cost":1.1309837999999997,"resolved":false},"Automattic__wp-calypso-22026":{"cost":1.0125897000000001,"resolved":false},"Automattic__wp-calypso-22242":{"cost":0.9149568,"resolved":true},"Automattic__wp-calypso-22621":{"cost":1.9360480499999995,"resolved":false},"Automattic__wp-calypso-22709":{"cost":2.1396303,"resolved":false},"Automattic__wp-calypso-22782":{"cost":1.3923615000000003,"resolved":false},"Automattic__wp-calypso-23017":{"cost":1.1378156999999998,"resolved":false},"Automattic__wp-calypso-23377":{"cost":1.30459755,"resolved":false},"Automattic__wp-calypso-23915":{"cost":3.15724515,"resolved":false},"Automattic__wp-calypso-23991":{"cost":1.3112533500000003,"resolved":false},"Automattic__wp-calypso-25160":{"cost":2.0734681499999996,"resolved":false},"Automattic__wp-calypso-25257":{"cost":2.4784965000000008,"resolved":false},"Automattic__wp-calypso-25725":{"cost":2.2373317499999996,"resolved":false},"Automattic__wp-calypso-25778":{"cost":1.4252803499999998,"resolved":false},"Automattic__wp-calypso-26008":{"cost":null,"resolved":false},"Automattic__wp-calypso-26286":{"cost":1.0746898500000002,"resolved":true},"Automattic__wp-calypso-26335":{"cost":1.2042822,"resolved":false},"Automattic__wp-calypso-26816":{"cost":3.3563501999999987,"resolved":false},"Automattic__wp-calypso-27090":{"cost":1.4906856,"resolved":false},"Automattic__wp-calypso-29804":{"cost":0.7389447,"resolved":false},"Automattic__wp-calypso-30240":{"cost":2.7082956000000014,"resolved":false},"Automattic__wp-calypso-31830":{"cost":1.0252354500000003,"resolved":false},"Automattic__wp-calypso-32764":{"cost":1.2266832,"resolved":false},"Automattic__wp-calypso-33245":{"cost":1.5918041999999994,"resolved":false},"Automattic__wp-calypso-33752":{"cost":1.8635085000000002,"resolved":false},"Automattic__wp-calypso-33948":{"cost":1.9119552000000002,"resolved":false},"Automattic__wp-calypso-34435":{"cost":2.2197903,"resolved":false},"Automattic__wp-calypso-34519":{"cost":1.0921948500000003,"resolved":false},"Automattic__wp-calypso-34597":{"cost":1.8859707000000003,"resolved":false},"Automattic__wp-calypso-34820":{"cost":1.5760951500000002,"resolved":false},"Automattic__wp-calypso-35531":{"cost":1.6335529500000008,"resolved":false},"chartjs__Chart.js-10157":{"cost":3.0128662500000005,"resolved":false},"chartjs__Chart.js-10301":{"cost":1.5678328499999992,"resolved":true},"chartjs__Chart.js-10806":{"cost":3.0271629,"resolved":false},"chartjs__Chart.js-11116":{"cost":1.7021874000000004,"resolved":true},"chartjs__Chart.js-11352":{"cost":1.6756271999999992,"resolved":false},"chartjs__Chart.js-7951":{"cost":2.896209299999999,"resolved":false},"chartjs__Chart.js-8162":{"cost":4.436768999999998,"resolved":true},"chartjs__Chart.js-8567":{"cost":2.2580877,"resolved":false},"chartjs__Chart.js-8593":{"cost":1.9593436499999992,"resolved":false},"chartjs__Chart.js-8650":{"cost":1.8469756499999999,"resolved":false},"chartjs__Chart.js-8705":{"cost":3.1632889500000005,"resolved":true},"chartjs__Chart.js-8710":{"cost":2.49333945,"resolved":false},"chartjs__Chart.js-8867":{"cost":1.9833505499999997,"resolved":false},"chartjs__Chart.js-8868":{"cost":2.243859749999999,"resolved":false},"chartjs__Chart.js-9027":{"cost":1.5276195,"resolved":true},"chartjs__Chart.js-9101":{"cost":1.7589153,"resolved":true},"chartjs__Chart.js-9199":{"cost":1.8547948500000002,"resolved":false},"chartjs__Chart.js-9367":{"cost":1.8136899,"resolved":true},"chartjs__Chart.js-9399":{"cost":2.7631863000000005,"resolved":false},"chartjs__Chart.js-9613":{"cost":1.756818,"resolved":false},"chartjs__Chart.js-9678":{"cost":1.8263926499999998,"resolved":false},"chartjs__Chart.js-9764":{"cost":2.3340739499999996,"resolved":false},"chartjs__Chart.js-9766":{"cost":1.9735929000000003,"resolved":false},"chartjs__Chart.js-9871":{"cost":2.900418149999998,"resolved":false},"diegomura__react-pdf-1178":{"cost":1.3403980500000003,"resolved":true},"diegomura__react-pdf-1280":{"cost":1.8467686499999998,"resolved":false},"diegomura__react-pdf-1285":{"cost":1.9699653000000004,"resolved":false},"diegomura__react-pdf-1306":{"cost":1.3107154499999998,"resolved":null},"diegomura__react-pdf-1341":{"cost":1.1682145499999999,"resolved":false},"diegomura__react-pdf-1363":{"cost":2.0177212499999997,"resolved":true},"diegomura__react-pdf-1541":{"cost":1.7406799500000005,"resolved":true},"diegomura__react-pdf-1552":{"cost":1.564182,"resolved":false},"diegomura__react-pdf-2400":{"cost":2.411604750000001,"resolved":false},"diegomura__react-pdf-433":{"cost":1.3372270499999996,"resolved":false},"diegomura__react-pdf-471":{"cost":1.8587052,"resolved":true},"markedjs__marked-1262":{"cost":1.7022883499999995,"resolved":false},"markedjs__marked-1435":{"cost":1.7985034500000003,"resolved":false},"markedjs__marked-1535":{"cost":1.8499235999999997,"resolved":false},"markedjs__marked-1674":{"cost":0.8261474999999999,"resolved":true},"markedjs__marked-1683":{"cost":1.4280343500000003,"resolved":true},"markedjs__marked-1739":{"cost":1.2584334000000004,"resolved":false},"markedjs__marked-1821":{"cost":1.3292680499999998,"resolved":false},"markedjs__marked-1825":{"cost":0.9811723499999998,"resolved":true},"markedjs__marked-1889":{"cost":1.5975529499999996,"resolved":false},"markedjs__marked-1936":{"cost":1.2388135499999997,"resolved":false},"markedjs__marked-2483":{"cost":1.08307335,"resolved":false},"markedjs__marked-2627":{"cost":1.5209060999999997,"resolved":true},"markedjs__marked-2811":{"cost":3.5171120999999976,"resolved":false},"markedjs__marked-684":{"cost":null,"resolved":false},"processing__p5.js-3068":{"cost":1.5311519999999996,"resolved":true},"processing__p5.js-3680":{"cost":1.4043238500000002,"resolved":true},"processing__p5.js-3709":{"cost":1.9579591499999995,"resolved":false},"processing__p5.js-3769":{"cost":1.63285065,"resolved":false},"processing__p5.js-4147":{"cost":2.0560792500000002,"resolved":false},"processing__p5.js-4561":{"cost":2.83995015,"resolved":true},"processing__p5.js-5305":{"cost":2.9736861,"resolved":false},"processing__p5.js-5555":{"cost":1.4484246,"resolved":true},"processing__p5.js-5771":{"cost":2.3947071,"resolved":true},"processing__p5.js-5794":{"cost":1.9053883500000006,"resolved":false},"processing__p5.js-5855":{"cost":1.6389643500000004,"resolved":true},"processing__p5.js-5915":{"cost":1.4641457999999996,"resolved":true},"processing__p5.js-5917":{"cost":2.3594088,"resolved":false},"processing__p5.js-5970":{"cost":1.4883608999999998,"resolved":true},"processing__p5.js-6069":{"cost":1.0378611,"resolved":true},"processing__p5.js-6111":{"cost":1.85728755,"resolved":false}}
