{"babel":{"cost":13.483406635575712,"resolved":false},"cachetools":{"cost":0.723413292836734,"resolved":true},"chardet":{"cost":16.876288258834165,"resolved":true},"cookiecutter":{"cost":null,"resolved":false},"deprecated":{"cost":0.9433032306779525,"resolved":true},"imapclient":{"cost":14.48809911142261,"resolved":false},"jinja":{"cost":0.9802575973193486,"resolved":false},"marshmallow":{"cost":15.8747056470724,"resolved":false},"minitorch":{"cost":12.083668795311464,"resolved":false},"parsel":{"cost":8.431154349336516,"resolved":false},"portalocker":{"cost":null,"resolved":false},"pyjwt":{"cost":9.292164604407844,"resolved":false},"simpy":{"cost":null,"resolved":false},"tinydb":{"cost":2.4185244395213967,"resolved":true},"voluptuous":{"cost":0.6399429970317144,"resolved":false},"wcwidth":{"cost":1.1818710406521558,"resolved":false}}
