{"00d579ea-0889-4fd9-a771-2c8d79835c8d":{"cost":0.06807721250767568,"resolved":true},"023e9d44-96ae-4eed-b912-244ee8c3b994":{"cost":0.41932600973228085,"resolved":true},"0383a3ee-47a7-41a4-b493-519bdefe0488":{"cost":0.2975652796898084,"resolved":true},"04a04a9b-226c-43fd-b319-d5e89743676f":{"cost":0.08399560644740164,"resolved":true},"0512426f-4d28-49f0-be77-06d05daec096":{"cost":0.2723436378167781,"resolved":true},"05407167-39ec-4d3a-a234-73a9120c325d":{"cost":0.536362061457343,"resolved":true},"076c8171-9b3b-49b9-a477-244d2a532826":{"cost":0.06403387782897035,"resolved":true},"08c0b6e9-1b43-4c2e-ae55-4e3fce2c2715":{"cost":0.046939656719896215,"resolved":true},"08cae58d-4084-4616-b6dd-dd6534e4825b":{"cost":0.5080547429594255,"resolved":false},"08f3a05f-5947-4089-a4c4-d4bcfaa6b7a0":{"cost":0.05495675050515609,"resolved":true},"0a3cd321-3e76-4622-911b-0fda2e5d6b1a":{"cost":0.6641326300285253,"resolved":true},"0a65cb96-cb6e-4a6a-8aae-c1084f613456":{"cost":0.5927306991087874,"resolved":true},"0b260a57-3f3a-4405-9f29-6d7a1012dbfb":{"cost":1.9127393266250303,"resolved":false},"0bb3b44a-ede5-4db5-a520-4e844b0079c5":{"cost":0.04073550355753667,"resolved":true},"0bdb7c40-671d-4ad1-9ce3-986b159c0ddc":{"cost":0.5135541949695722,"resolved":true},"0e9e85b8-52b9-4de4-b402-5f635ab9631f":{"cost":0.5904222810184989,"resolved":true},"0ff53813-3367-4f43-bcbd-3fd725c1bf4b":{"cost":0.02641436596704362,"resolved":true},"114d5fd0-e2ae-4b6d-a65a-870da2d19c08":{"cost":0.36698530073999414,"resolved":true},"11af4e1a-5f45-467d-9aeb-46f4bb0bf034":{"cost":0.04119867808071186,"resolved":true},"14569e28-c88c-43e4-8c32-097d35b9a67d":{"cost":null,"resolved":false},"16d825ff-1623-4176-a5b5-42e0f5c2b0ac":{"cost":0.2918610767101894,"resolved":false},"17b5a6a3-bc87-42e8-b0fb-6ab0781ef2cc":{"cost":0.29438915482112527,"resolved":true},"1dcc160f-c187-48c2-b68e-319bd4354f3d":{"cost":0.33089595449701203,"resolved":true},"1f975693-876d-457b-a649-393859e79bf3":{"cost":0.05688498779047771,"resolved":true},"20194330-9976-4043-8632-f8485c6c71b2":{"cost":0.3435944903512744,"resolved":false},"23dd907f-1261-4488-b21c-e9185af91d5e":{"cost":0.027080303586201084,"resolved":true},"27d5d136-8563-469e-92bf-fd103c28b57c":{"cost":0.04302354594455231,"resolved":true},"2a649bb1-795f-4a01-b3be-9a01868dae73":{"cost":0.0801391318767584,"resolved":true},"2b3ef98c-cc05-450b-a719-711aee40ac65":{"cost":0.1468983842605493,"resolved":true},"2d83110e-a098-4ebb-9987-066c06fa42d0":{"cost":0.014427985790581745,"resolved":true},"2dfc4c37-fec1-4518-84a7-10095d30ad75":{"cost":0.0601928092778748,"resolved":false},"305ac316-eef6-4446-960a-92d80d542f82":{"cost":0.048604500767789875,"resolved":true},"32102e3e-d12a-4209-9163-7b3a104efe5d":{"cost":0.05294601646999855,"resolved":true},"33d8ea3b-6c6b-4ff1-803d-7e270dea8a57":{"cost":0.07835750026132593,"resolved":false},"3627a8be-a77f-41bb-b807-7e1bd4c0ebdf":{"cost":0.06698338511979092,"resolved":true},"366e2f2b-8632-4ef2-81eb-bc3877489217":{"cost":0.05509192590247761,"resolved":true},"384d0dd8-e8a4-4cfe-963c-d37f256e7662":{"cost":3.1923966071356835,"resolved":false},"389793a7-ca17-4e82-81cb-2b3a2391b4b9":{"cost":0.055692760664836846,"resolved":false},"3cef3a44-215e-4aed-8e3b-b1e3f08063b7":{"cost":0.08110822020314426,"resolved":true},"3da89939-209c-4086-8520-7eb734e6b4ef":{"cost":1.3713047089895232,"resolved":false},"3f57289b-8c60-48be-bd80-01f8099ca449":{"cost":0.09022808680699401,"resolved":true},"3ff6b7a9-a5bd-4412-ad92-0cd0d45c0fee":{"cost":0.24395183469553483,"resolved":true},"42576abe-0deb-4869-8c63-225c2d75a95a":{"cost":0.027080303586201084,"resolved":true},"42d4198c-5895-4f0a-b0c0-424a66465d83":{"cost":1.4707952923232759,"resolved":true},"46719c30-f4c3-4cad-be07-d5cb21eee6bb":{"cost":0.3114078367375786,"resolved":false},"48eb8242-1099-4c26-95d4-ef22b002457a":{"cost":1.3208564555597377,"resolved":false},"4b650a35-8529-4695-89ed-8dc7a500a498":{"cost":0.02289881169993921,"resolved":true},"4b6bb5f7-f634-410e-815d-e673ab7f8632":{"cost":0.2802891681563972,"resolved":false},"4d0aa727-86b1-406b-9b33-f870dd14a4a5":{"cost":0.05720404148562629,"resolved":true},"4d51c4bf-4b0e-4f3d-897b-3f6687a7d9f2":{"cost":0.052536514531053964,"resolved":false},"4fc2f1ae-8625-45b5-ab34-ad4433bc21f8":{"cost":0.07900952276605323,"resolved":true},"50ad0280-0819-4bd9-b275-5de32d3b5bcb":{"cost":0.023137356518741884,"resolved":true},"50ec8903-b81f-4257-9450-1085afd2c319":{"cost":0.06398119918148476,"resolved":true},"50f58759-7bd6-406f-9b0d-5692beb2a926":{"cost":0.5642211144832603,"resolved":false},"5188369a-3bbe-43d8-8b94-11558f909a08":{"cost":0.04375607732562553,"resolved":false},"544b7f0c-173a-4377-8d56-57b36eb26ddf":{"cost":0.034206333079558476,"resolved":true},"54612da3-fd56-4941-80f4-5eb82330de25":{"cost":0.04683032367794499,"resolved":true},"56137764-b4e0-45b8-9c52-1866420c3df5":{"cost":0.12981261161380775,"resolved":true},"56db2318-640f-477a-a82f-bc93ad13e882":{"cost":0.05625880764112069,"resolved":true},"5a0c1adf-205e-4841-a666-7c3ef95def9d":{"cost":0.03529519078371818,"resolved":true},"5b2a14e8-6e59-479c-80e3-4696e8980152":{"cost":0.12666133516374994,"resolved":true},"5cfb274c-0207-4aa7-9575-6ac0bd95d9b2":{"cost":0.12202561418501796,"resolved":true},"5d0080cb-90d7-4712-bc33-848150e917d3":{"cost":0.025784707039079056,"resolved":true},"5f982798-16b9-4051-ab57-cfc7ebdb2a91":{"cost":1.2876927621256957,"resolved":false},"624cbf11-6a41-4692-af9c-36b3e5ca3130":{"cost":1.7078825028893914,"resolved":false},"6359a0b1-8f7b-499b-9336-840f9ab90688":{"cost":0.12919388599003834,"resolved":false},"65638e28-7f37-4fa7-b7b9-8c19bb609879":{"cost":0.26754491121186436,"resolved":true},"65afbc8a-89ca-4ad5-8d62-355bb401f61d":{"cost":0.3907627525225232,"resolved":true},"65da0822-a48a-4a68-bbad-8ed1b835a834":{"cost":0.14491945620123212,"resolved":true},"676e5e31-a554-4acc-9286-b60d90a92d26":{"cost":1.2801174732235931,"resolved":false},"67e8878b-5cef-4375-804e-e6291fdbe78a":{"cost":0.05983101630269074,"resolved":false},"6b078778-0b90-464d-83f6-59511c811b01":{"cost":0.06664097391113458,"resolved":false},"6f37996b-2ac7-44b0-8e68-6d28256631b4":{"cost":0.04830830761777656,"resolved":true},"708b99c5-e4a7-49cb-a5cf-933c8d46470d":{"cost":0.2376761180875345,"resolved":true},"71345b0a-9c7d-4b50-b2bf-937ec5879845":{"cost":0.4969643967585913,"resolved":true},"72c06643-a2fa-4186-aa5c-9ec33ae9b445":{"cost":0.8366875034880473,"resolved":false},"72e110e7-464c-453c-a309-90a95aed6538":{"cost":0.09240928099392096,"resolved":true},"73c1b9fe-ee1d-4cf4-96ca-35c08f97b054":{"cost":0.5365707881737952,"resolved":true},"7619a514-5fa8-43ef-9143-83b66a43d7a4":{"cost":0.2561046992767861,"resolved":true},"7673d772-ef80-4f0f-a602-1bf4485c9b43":{"cost":0.2930016191250897,"resolved":false},"7a4a336d-dcfa-45a0-b014-824c7619e8de":{"cost":0.9153223121012313,"resolved":true},"7b5377b0-3f38-4103-8ad2-90fe89864c04":{"cost":0.2131184259601717,"resolved":true},"7bd855d8-463d-4ed5-93ca-5fe35145f733":{"cost":0.061756768746149826,"resolved":true},"7cc4acfa-63fd-4acc-a1a1-e8e529e0a97f":{"cost":0.04435194240425971,"resolved":true},"7d4a7d1d-cac6-44a8-96e8-ea9584a70825":{"cost":0.3294895340028212,"resolved":true},"7dd30055-0198-452e-8c25-f73dbe27dcb8":{"cost":0.08122649867580059,"resolved":true},"8131e2c0-0083-4265-9ce7-78c2d568425d":{"cost":0.026350754015362902,"resolved":true},"840bfca7-4f7b-481a-8794-c560c340185d":{"cost":0.055073538072694904,"resolved":true},"851e570a-e3de-4d84-bcfa-cc85578baa59":{"cost":0.05704004192269945,"resolved":true},"853c8244-429e-46ca-89f2-addf40dfb2bd":{"cost":1.7382462765127367,"resolved":false},"872bfbb1-9ccf-49f6-8c5f-aa22818ccd66":{"cost":0.32971515764393877,"resolved":true},"87c610df-bef7-4932-b950-1d83ef4e282b":{"cost":0.04752607939945279,"resolved":true},"8b3379c0-0981-4f5b-8407-6444610cb212":{"cost":4.103861450729526,"resolved":false},"8d46b8d6-b38a-47ff-ac74-cda14cf2d19b":{"cost":0.3639781451179629,"resolved":false},"8e867cd7-cff9-4e6c-867a-ff5ddc2550be":{"cost":0.16636016269624,"resolved":true},