{"Automattic__wp-calypso-21648":{"cost":0.6743366954892069,"resolved":false},"Automattic__wp-calypso-21769":{"cost":1.269667727826985,"resolved":false},"Automattic__wp-calypso-21964":{"cost":2.9407924067405773,"resolved":false},"Automattic__wp-calypso-22242":{"cost":1.0829037962518644,"resolved":true},"Automattic__wp-calypso-22621":{"cost":4.291051331096119,"resolved":false},"Automattic__wp-calypso-22709":{"cost":1.674904758488201,"resolved":false},"Automattic__wp-calypso-22782":{"cost":0.7576054483831112,"resolved":false},"Automattic__wp-calypso-23377":{"cost":1.743456201567418,"resolved":false},"Automattic__wp-calypso-23915":{"cost":2.612713500338173,"resolved":false},"Automattic__wp-calypso-23991":{"cost":3.4381378763802894,"resolved":false},"Automattic__wp-calypso-25160":{"cost":1.8389037108368183,"resolved":false},"Automattic__wp-calypso-25257":{"cost":2.1362684706744735,"resolved":false},"Automattic__wp-calypso-25725":{"cost":4.670335815429226,"resolved":false},"Automattic__wp-calypso-25778":{"cost":2.853701073377376,"resolved":false},"Automattic__wp-calypso-26286":{"cost":0.8752379246691543,"resolved":true},"Automattic__wp-calypso-26335":{"cost":1.8224508644872803,"resolved":false},"Automattic__wp-calypso-27090":{"cost":3.135678009285324,"resolved":false},"Automattic__wp-calypso-33752":{"cost":1.4204339016118421,"resolved":false},"Automattic__wp-calypso-34435":{"cost":3.176451367606948,"resolved":false},"Automattic__wp-calypso-34597":{"cost":1.9045380925088566,"resolved":false},"Automattic__wp-calypso-35531":{"cost":5.082608494198157,"resolved":false},"chartjs__Chart.js-10301":{"cost":1.1415680311950602,"resolved":true},"chartjs__Chart.js-11116":{"cost":2.792490284826576,"resolved":true},"chartjs__Chart.js-8162":{"cost":1.6697366496941328,"resolved":false},"chartjs__Chart.js-8567":{"cost":1.85390352659855,"resolved":false},"chartjs__Chart.js-8650":{"cost":1.6836799432149718,"resolved":false},"chartjs__Chart.js-8705":{"cost":2.8452943964080775,"resolved":false},"chartjs__Chart.js-8710":{"cost":1.8178612678714952,"resolved":false},"chartjs__Chart.js-8868":{"cost":1.703557361655316,"resolved":false},"chartjs__Chart.js-9027":{"cost":1.3808765688888218,"resolved":true},"chartjs__Chart.js-9101":{"cost":3.1196971728720864,"resolved":false},"chartjs__Chart.js-9199":{"cost":3.3131792458710754,"resolved":true},"chartjs__Chart.js-9367":{"cost":1.2526598697938736,"resolved":true},"chartjs__Chart.js-9399":{"cost":2.0249086264338625,"resolved":false},"chartjs__Chart.js-9678":{"cost":1.3243088780800616,"resolved":false},"chartjs__Chart.js-9766":{"cost":3.09828872220192,"resolved":false},"chartjs__Chart.js-9871":{"cost":1.2061268902262279,"resolved":false},"diegomura__react-pdf-1178":{"cost":1.6689626334002845,"resolved":true},"diegomura__react-pdf-1280":{"cost":1.0315322148266142,"resolved":false},"diegomura__react-pdf-1306":{"cost":1.0505001141206338,"resolved":false},"diegomura__react-pdf-1341":{"cost":0.43295261410309077,"resolved":false},"diegomura__react-pdf-1363":{"cost":2.9715760547684043,"resolved":false},"diegomura__react-pdf-1541":{"cost":4.301649554199744,"resolved":false},"diegomura__react-pdf-1552":{"cost":0.4343771440909295,"resolved":false},"diegomura__react-pdf-471":{"cost":0.5113772650236075,"resolved":true},"markedjs__marked-1262":{"cost":2.053116220233067,"resolved":false},"markedjs__marked-1435":{"cost":4.129825937133792,"resolved":false},"markedjs__marked-1535":{"cost":1.654612831322017,"resolved":false},"markedjs__marked-1674":{"cost":0.9473794433231981,"resolved":true},"markedjs__marked-1683":{"cost":5.303848151523183,"resolved":true},"markedjs__marked-1739":{"cost":0.7970257782220781,"resolved":false},"markedjs__marked-1821":{"cost":1.6689801337686851,"resolved":false},"markedjs__marked-1825":{"cost":1.082840794925621,"resolved":true},"markedjs__marked-1889":{"cost":5.540251128051858,"resolved":false},"markedjs__marked-1936":{"cost":1.355453533707474,"resolved":false},"markedjs__marked-2483":{"cost":1.9531921167266997,"resolved":false},"markedjs__marked-2627":{"cost":1.2827285027698896,"resolved":true},"markedjs__marked-2811":{"cost":9.04537341452369,"resolved":true},"markedjs__marked-684":{"cost":2.8839587103321223,"resolved":true},"processing__p5.js-3068":{"cost":1.341788746049473,"resolved":false},"processing__p5.js-3680":{"cost":1.9349707331476127,"resolved":true},"processing__p5.js-4561":{"cost":5.985328997404191,"resolved":true},"processing__p5.js-5305":{"cost":2.26673521713526,"resolved":false},"processing__p5.js-5555":{"cost":3.668509725947465,"resolved":true},"processing__p5.js-5771":{"cost":1.7000092869646513,"resolved":true},"processing__p5.js-5915":{"cost":3.3262340206876706,"resolved":false},"processing__p5.js-5970":{"cost":2.1983767781189796,"resolved":true},"processing__p5.js-6069":{"cost":1.320617300368509,"resolved":true}}
