{"babel":{"cost":0.64678146,"resolved":false},"cachetools":{"cost":0.11005571999999995,"resolved":true},"chardet":{"cost":0.9774577799999998,"resolved":false},"cookiecutter":{"cost":0.28317395999999995,"resolved":false},"deprecated":{"cost":0.22172964000000006,"resolved":false},"imapclient":{"cost":0.2915589599999999,"resolved":false},"jinja":{"cost":0.9360546600000001,"resolved":false},"marshmallow":{"cost":0.5562303599999999,"resolved":false},"minitorch":{"cost":0.5402016000000002,"resolved":false},"parsel":{"cost":1.2768643799999995,"resolved":false},"portalocker":{"cost":1.0951824000000008,"resolved":false},"pyjwt":{"cost":0.29137979999999997,"resolved":false},"simpy":{"cost":null,"resolved":false},"tinydb":{"cost":0.26149770000000006,"resolved":false},"voluptuous":{"cost":0.20868065999999996,"resolved":true},"wcwidth":{"cost":0.16057427999999993,"resolved":false}}
