{"Automattic__wp-calypso-21409":{"cost":0.6008095618768126,"resolved":false},"Automattic__wp-calypso-21492":{"cost":0.5865730126830173,"resolved":false},"Automattic__wp-calypso-21635":{"cost":0.3915829806661243,"resolved":false},"Automattic__wp-calypso-21648":{"cost":0.22813384803152828,"resolved":false},"Automattic__wp-calypso-21769":{"cost":0.533673159055812,"resolved":false},"Automattic__wp-calypso-21964":{"cost":0.41695057827689436,"resolved":false},"Automattic__wp-calypso-21977":{"cost":0.27618965515296706,"resolved":false},"Automattic__wp-calypso-22026":{"cost":0.22702042777332704,"resolved":false},"Automattic__wp-calypso-22242":{"cost":0.37738142768441074,"resolved":true},"Automattic__wp-calypso-22621":{"cost":0.36392350665984735,"resolved":false},"Automattic__wp-calypso-22709":{"cost":0.2968219498525932,"resolved":false},"Automattic__wp-calypso-22782":{"cost":0.3066268971688453,"resolved":false},"Automattic__wp-calypso-23017":{"cost":0.4081512088142316,"resolved":false},"Automattic__wp-calypso-23377":{"cost":0.291332350902506,"resolved":false},"Automattic__wp-calypso-23915":{"cost":0.48034298719850455,"resolved":false},"Automattic__wp-calypso-23991":{"cost":0.4941004037032855,"resolved":false},"Automattic__wp-calypso-25160":{"cost":0.5983371470824984,"resolved":false},"Automattic__wp-calypso-25257":{"cost":0.49015334165482066,"resolved":false},"Automattic__wp-calypso-25725":{"cost":0.8926413222435731,"resolved":false},"Automattic__wp-calypso-25778":{"cost":0.4159610716451624,"resolved":false},"Automattic__wp-calypso-26008":{"cost":0.6634000618872482,"resolved":false},"Automattic__wp-calypso-26286":{"cost":0.22703740018519494,"resolved":false},"Automattic__wp-calypso-26335":{"cost":0.3910146301660523,"resolved":false},"Automattic__wp-calypso-26816":{"cost":0.7361094237343243,"resolved":false},"Automattic__wp-calypso-27090":{"cost":1.1181612686491098,"resolved":false},"Automattic__wp-calypso-29804":{"cost":0.09560078970515434,"resolved":false},"Automattic__wp-calypso-30240":{"cost":0.37140037978183,"resolved":false},"Automattic__wp-calypso-31830":{"cost":0.22875476794889016,"resolved":false},"Automattic__wp-calypso-32764":{"cost":0.5523087170884305,"resolved":false},"Automattic__wp-calypso-33245":{"cost":0.3715334555067411,"resolved":false},"Automattic__wp-calypso-33752":{"cost":0.5474816429945317,"resolved":false},"Automattic__wp-calypso-33948":{"cost":0.5957731113037648,"resolved":false},"Automattic__wp-calypso-34435":{"cost":1.0351368859397336,"resolved":false},"Automattic__wp-calypso-34519":{"cost":1.2053524535712226,"resolved":false},"Automattic__wp-calypso-34597":{"cost":2.048674350100041,"resolved":false},"Automattic__wp-calypso-34820":{"cost":3.486347430294099,"resolved":false},"Automattic__wp-calypso-35531":{"cost":1.0756764679753898,"resolved":false},"chartjs__Chart.js-10157":{"cost":0.4442178844301884,"resolved":false},"chartjs__Chart.js-10301":{"cost":0.1797970198250909,"resolved":true},"chartjs__Chart.js-10806":{"cost":0.2654958340895095,"resolved":false},"chartjs__Chart.js-11116":{"cost":0.42332289284244756,"resolved":true},"chartjs__Chart.js-11352":{"cost":0.5514429738848324,"resolved":false},"chartjs__Chart.js-7951":{"cost":0.40816397567271634,"resolved":false},"chartjs__Chart.js-8162":{"cost":1.9623610744466708,"resolved":false},"chartjs__Chart.js-8567":{"cost":1.4375105655954643,"resolved":false},"chartjs__Chart.js-8593":{"cost":0.5006768378062587,"resolved":false},"chartjs__Chart.js-8650":{"cost":0.7716706819526219,"resolved":false},"chartjs__Chart.js-8705":{"cost":0.31103867286615333,"resolved":false},"chartjs__Chart.js-8710":{"cost":0.2348223300924967,"resolved":false},"chartjs__Chart.js-8867":{"cost":1.002755777070808,"resolved":false},"chartjs__Chart.js-8868":{"cost":0.5149483832121355,"resolved":false},"chartjs__Chart.js-9027":{"cost":0.2954102357008553,"resolved":true},"chartjs__Chart.js-9101":{"cost":0.5872451502326532,"resolved":true},"chartjs__Chart.js-9199":{"cost":0.2861831013797873,"resolved":false},"chartjs__Chart.js-9367":{"cost":0.19933526985174554,"resolved":true},"chartjs__Chart.js-9399":{"cost":0.4807127754995555,"resolved":false},"chartjs__Chart.js-9613":{"cost":0.465953536099563,"resolved":false},"chartjs__Chart.js-9678":{"cost":0.3360094464755518,"resolved":false},"chartjs__Chart.js-9764":{"cost":0.6239411568727382,"resolved":false},"chartjs__Chart.js-9766":{"cost":0.5302149925881436,"resolved":false},"chartjs__Chart.js-9871":{"cost":0.5065902964580381,"resolved":false},"diegomura__react-pdf-1178":{"cost":0.5043093845409946,"resolved":true},"diegomura__react-pdf-1280":{"cost":0.3490842115472391,"resolved":false},"diegomura__react-pdf-1285":{"cost":3.3421613843362286,"resolved":false},"diegomura__react-pdf-1306":{"cost":0.23599718146975962,"resolved":false},"diegomura__react-pdf-1341":{"cost":0.14153744851646752,"resolved":true},"diegomura__react-pdf-1363":{"cost":0.3948407825547503,"resolved":false},"diegomura__react-pdf-1541":{"cost":0.7264636866532932,"resolved":true},"diegomura__react-pdf-1552":{"cost":0.31795380421480907,"resolved":false},"diegomura__react-pdf-2400":{"cost":0.3958613802418511,"resolved":false},"diegomura__react-pdf-433":{"cost":0.5318255693355727,"resolved":false},"diegomura__react-pdf-471":{"cost":0.6751346072147116,"resolved":null},"markedjs__marked-1262":{"cost":0.6003502553680334,"resolved":false},"markedjs__marked-1435":{"cost":0.9945683156254004,"resolved":true},"markedjs__marked-1535":{"cost":0.9665488162098549,"resolved":false},"markedjs__marked-1674":{"cost":0.13063575295721194,"resolved":true},"markedjs__marked-1683":{"cost":1.5345311801624528,"resolved":false},"markedjs__marked-1739":{"cost":0.21012041150295255,"resolved":false},"markedjs__marked-1821":{"cost":0.35163097451743464,"resolved":false},"markedjs__marked-1825":{"cost":0.13870560910622526,"resolved":true},"markedjs__marked-1889":{"cost":0.8372040179429491,"resolved":false},"markedjs__marked-1936":{"cost":0.26376299589729746,"resolved":false},"markedjs__marked-2483":{"cost":0.5759168914016735,"resolved":false},"markedjs__marked-2627":{"cost":0.6387474083516214,"resolved":false},"markedjs__marked-2811":{"cost":1.9064904479492426,"resolved":false},"markedjs__marked-684":{"cost":1.2030134148984897,"resolved":false},"processing__p5.js-3068":{"cost":0.20853687045584401,"resolved":false},"processing__p5.js-3680":{"cost":0.3417012123847027,"resolved":true},"processing__p5.js-3709":{"cost":0.3895869949907923,"resolved":false},"processing__p5.js-3769":{"cost":0.4068586019422393,"resolved":false},"processing__p5.js-4147":{"cost":0.7961349867760155,"resolved":false},"processing__p5.js-4561":{"cost":0.695347397964364,"resolved":true},"processing__p5.js-5305":{"cost":0.26251890308754694,"resolved":false},"processing__p5.js-5555":{"cost":0.11136906152044368,"resolved":true},"processing__p5.js-5771":{"cost":0.4496709851848429,"resolved":false},"processing__p5.js-5794":{"cost":0.21430208335086573,"resolved":false},"processing__p5.js-5855":{"cost":0.20155985739312132,"resolved":false},"processing__p5.js-5915":{"cost":0.7149057745679239,"resolved":false},"processing__p5.js-5917":{"cost":0.13494299061328058,"resolved":false},"processing__p5.js-5970":{"cost":0.17784744543530917,"resolved":true},"processing__p5.js-6069":{"cost":0.15138685453991335,"resolved":true},"processing__p5.js-6111":{"cost":0.7088777145864524,"resolved":false}}
