{"babel":{"cost":3.4297329999999997,"resolved":false},"cachetools":{"cost":0.24384429999999999,"resolved":true},"chardet":{"cost":4.821094949999999,"resolved":false},"cookiecutter":{"cost":2.68858705,"resolved":false},"deprecated":{"cost":0.38095504999999996,"resolved":true},"imapclient":{"cost":null,"resolved":false},"jinja":{"cost":null,"resolved":false},"marshmallow":{"cost":2.669450499999999,"resolved":false},"minitorch":{"cost":8.218894100000002,"resolved":false},"parsel":{"cost":2.5380026499999992,"resolved":false},"portalocker":{"cost":7.152511500000001,"resolved":false},"pyjwt":{"cost":2.5698994499999994,"resolved":false},"simpy":{"cost":1.8826669999999996,"resolved":false},"tinydb":{"cost":0.9481158499999998,"resolved":true},"voluptuous":{"cost":3.880349099999999,"resolved":false},"wcwidth":{"cost":0.43222895000000006,"resolved":false}}
