{"babel":{"cost":0.0221403,"resolved":false},"cachetools":{"cost":0.6126910999999999,"resolved":true},"chardet":{"cost":6.177586450000001,"resolved":false},"cookiecutter":{"cost":16.02229614999999,"resolved":false},"deprecated":{"cost":0.9393254499999999,"resolved":true},"imapclient":{"cost":8.570135700000003,"resolved":true},"jinja":{"cost":null,"resolved":false},"marshmallow":{"cost":11.268344500000003,"resolved":false},"minitorch":{"cost":8.601018300000003,"resolved":true},"parsel":{"cost":3.7721316499999995,"resolved":false},"portalocker":{"cost":2.2182863499999996,"resolved":true},"pyjwt":{"cost":2.986481050000001,"resolved":false},"simpy":{"cost":4.944228799999999,"resolved":true},"tinydb":{"cost":2.954055299999999,"resolved":true},"voluptuous":{"cost":5.374053649999998,"resolved":true},"wcwidth":{"cost":0.66592645,"resolved":false}}
