{"Automattic__wp-calypso-21409":{"cost":6.615611100000002,"resolved":false},"Automattic__wp-calypso-21492":{"cost":1.5530801999999997,"resolved":false},"Automattic__wp-calypso-21635":{"cost":4.42024205,"resolved":false},"Automattic__wp-calypso-21648":{"cost":2.8108395000000006,"resolved":false},"Automattic__wp-calypso-21769":{"cost":3.749165000000001,"resolved":true},"Automattic__wp-calypso-21964":{"cost":2.588353250000001,"resolved":false},"Automattic__wp-calypso-21977":{"cost":2.2658852999999994,"resolved":false},"Automattic__wp-calypso-22026":{"cost":4.38244275,"resolved":false},"Automattic__wp-calypso-22242":{"cost":1.6113482000000001,"resolved":true},"Automattic__wp-calypso-22621":{"cost":6.454102200000003,"resolved":false},"Automattic__wp-calypso-22709":{"cost":4.8208503,"resolved":false},"Automattic__wp-calypso-22782":{"cost":2.461530749999999,"resolved":false},"Automattic__wp-calypso-23017":{"cost":2.9011871,"resolved":false},"Automattic__wp-calypso-23377":{"cost":4.4726580500000015,"resolved":false},"Automattic__wp-calypso-23915":{"cost":1.30864685,"resolved":false},"Automattic__wp-calypso-23991":{"cost":1.9737875500000006,"resolved":false},"Automattic__wp-calypso-25160":{"cost":5.136074300000002,"resolved":false},"Automattic__wp-calypso-25257":{"cost":2.6363165499999996,"resolved":false},"Automattic__wp-calypso-25725":{"cost":8.662351250000004,"resolved":false},"Automattic__wp-calypso-25778":{"cost":6.534860849999999,"resolved":false},"Automattic__wp-calypso-26008":{"cost":1.5104708500000004,"resolved":false},"Automattic__wp-calypso-26286":{"cost":1.99234945,"resolved":false},"Automattic__wp-calypso-26335":{"cost":3.659498850000001,"resolved":false},"Automattic__wp-calypso-26816":{"cost":7.846675899999997,"resolved":false},"Automattic__wp-calypso-27090":{"cost":4.355974699999999,"resolved":false},"Automattic__wp-calypso-29804":{"cost":2.00899825,"resolved":false},"Automattic__wp-calypso-30240":{"cost":3.7365534500000006,"resolved":false},"Automattic__wp-calypso-31830":{"cost":2.9512780500000004,"resolved":false},"Automattic__wp-calypso-32764":{"cost":3.1159887500000005,"resolved":false},"Automattic__wp-calypso-33245":{"cost":2.4516719499999997,"resolved":false},"Automattic__wp-calypso-33752":{"cost":0.9311956500000003,"resolved":false},"Automattic__wp-calypso-33948":{"cost":1.4518994,"resolved":false},"Automattic__wp-calypso-34435":{"cost":1.5838830000000006,"resolved":false},"Automattic__wp-calypso-34519":{"cost":1.8784261999999996,"resolved":false},"Automattic__wp-calypso-34597":{"cost":0.04044635,"resolved":false},"Automattic__wp-calypso-34820":{"cost":3.2770202499999996,"resolved":false},"Automattic__wp-calypso-35531":{"cost":0.0,"resolved":false},"chartjs__Chart.js-10157":{"cost":2.1615818,"resolved":false},"chartjs__Chart.js-10301":{"cost":1.1391824499999998,"resolved":true},"chartjs__Chart.js-10806":{"cost":0.0,"resolved":false},"chartjs__Chart.js-11116":{"cost":0.0,"resolved":true},"chartjs__Chart.js-11352":{"cost":1.5875901999999997,"resolved":false},"chartjs__Chart.js-7951":{"cost":2.0919353,"resolved":false},"chartjs__Chart.js-8162":{"cost":4.713286900000001,"resolved":false},"chartjs__Chart.js-8567":{"cost":2.2871348499999997,"resolved":false},"chartjs__Chart.js-8593":{"cost":1.8413681999999998,"resolved":false},"chartjs__Chart.js-8650":{"cost":4.1706259,"resolved":false},"chartjs__Chart.js-8705":{"cost":2.3244259499999997,"resolved":true},"chartjs__Chart.js-8710":{"cost":2.8493423,"resolved":false},"chartjs__Chart.js-8867":{"cost":2.94141645,"resolved":false},"chartjs__Chart.js-8868":{"cost":6.99950335,"resolved":true},"chartjs__Chart.js-9027":{"cost":1.1761158500000002,"resolved":true},"chartjs__Chart.js-9101":{"cost":2.195273850000001,"resolved":true},"chartjs__Chart.js-9199":{"cost":2.5296270999999995,"resolved":false},"chartjs__Chart.js-9367":{"cost":2.2287839000000007,"resolved":true},"chartjs__Chart.js-9399":{"cost":2.2930351499999997,"resolved":false},"chartjs__Chart.js-9613":{"cost":1.7484463500000005,"resolved":false},"chartjs__Chart.js-9678":{"cost":5.062749299999998,"resolved":false},"chartjs__Chart.js-9764":{"cost":1.7081039500000001,"resolved":false},"chartjs__Chart.js-9766":{"cost":2.8555408000000004,"resolved":false},"chartjs__Chart.js-9871":{"cost":1.2499613000000003,"resolved":false},"diegomura__react-pdf-1178":{"cost":3.046669149999999,"resolved":true},"diegomura__react-pdf-1280":{"cost":1.6256743999999996,"resolved":false},"diegomura__react-pdf-1285":{"cost":0.018811799999999997,"resolved":false},"diegomura__react-pdf-1306":{"cost":0.7716023000000001,"resolved":false},"diegomura__react-pdf-1341":{"cost":0.48584410000000006,"resolved":true},"diegomura__react-pdf-1363":{"cost":1.2018972,"resolved":false},"diegomura__react-pdf-1541":{"cost":1.2993078,"resolved":true},"diegomura__react-pdf-1552":{"cost":0.6285566,"resolved":false},"diegomura__react-pdf-2400":{"cost":1.6834044499999998,"resolved":false},"diegomura__react-pdf-433":{"cost":1.8967997999999997,"resolved":false},"diegomura__react-pdf-471":{"cost":1.1939805499999998,"resolved":true},"markedjs__marked-1262":{"cost":1.0480204000000002,"resolved":false},"markedjs__marked-1435":{"cost":2.8438319,"resolved":false},"markedjs__marked-1535":{"cost":0.8755834499999999,"resolved":false},"markedjs__marked-1674":{"cost":1.3776840000000001,"resolved":true},"markedjs__marked-1683":{"cost":0.9750538,"resolved":false},"markedjs__marked-1739":{"cost":0.62913935,"resolved":false},"markedjs__marked-1821":{"cost":1.2351450999999996,"resolved":false},"markedjs__marked-1825":{"cost":1.3222489000000002,"resolved":true},"markedjs__marked-1889":{"cost":3.20501125,"resolved":false},"markedjs__marked-1936":{"cost":1.2491549,"resolved":false},"markedjs__marked-2483":{"cost":1.8070370500000001,"resolved":false},"markedjs__marked-2627":{"cost":2.5353629,"resolved":false},"markedjs__marked-2811":{"cost":2.1071820000000003,"resolved":false},"markedjs__marked-684":{"cost":1.0278166499999994,"resolved":true},"processing__p5.js-3068":{"cost":2.4361214500000004,"resolved":true},"processing__p5.js-3680":{"cost":1.0620819999999997,"resolved":true},"processing__p5.js-3709":{"cost":2.6729139500000003,"resolved":false},"processing__p5.js-3769":{"cost":2.3394805,"resolved":false},"processing__p5.js-4147":{"cost":4.119576650000002,"resolved":false},"processing__p5.js-4561":{"cost":3.5618432499999995,"resolved":true},"processing__p5.js-5305":{"cost":3.0362787000000004,"resolved":false},"processing__p5.js-5555":{"cost":1.8589207000000005,"resolved":false},"processing__p5.js-5771":{"cost":2.0601105000000004,"resolved":false},"processing__p5.js-5794":{"cost":1.4750847999999994,"resolved":false},"processing__p5.js-5855":{"cost":3.2897672500000006,"resolved":false},"processing__p5.js-5915":{"cost":1.96997815,"resolved":true},"processing__p5.js-5917":{"cost":4.81259765,"resolved":false},"processing__p5.js-5970":{"cost":1.6854292000000002,"resolved":false},"processing__p5.js-6069":{"cost":1.4329021,"resolved":true},"processing__p5.js-6111":{"cost":4.023735800000001,"resolved":false}}
