{"babel":{"cost":0.49934064000000017,"resolved":false},"cachetools":{"cost":0.23350955999999998,"resolved":true},"chardet":{"cost":0.48998171999999984,"resolved":false},"cookiecutter":{"cost":0.25163771999999995,"resolved":false},"deprecated":{"cost":0.16177308,"resolved":true},"imapclient":{"cost":0.29716452000000015,"resolved":true},"jinja":{"cost":0.5022034799999999,"resolved":false},"marshmallow":{"cost":0.6996699599999991,"resolved":false},"minitorch":{"cost":0.25461486,"resolved":false},"parsel":{"cost":0.40282031999999995,"resolved":false},"portalocker":{"cost":0.24970763999999995,"resolved":false},"pyjwt":{"cost":0.19084949999999998,"resolved":false},"simpy":{"cost":0.36007608,"resolved":false},"tinydb":{"cost":0.30184410000000017,"resolved":false},"voluptuous":{"cost":0.8504723399999994,"resolved":false},"wcwidth":{"cost":0.3203102399999998,"resolved":false}}
