{"babel":{"cost":0.5909065299206168,"resolved":false},"cachetools":{"cost":0.5909770577036728,"resolved":true},"chardet":{"cost":1.3387184763950744,"resolved":false},"cookiecutter":{"cost":1.7670105144793344,"resolved":false},"deprecated":{"cost":0.9299895852808354,"resolved":true},"imapclient":{"cost":0.9792891181611727,"resolved":false},"jinja":{"cost":0.6428757931496383,"resolved":false},"marshmallow":{"cost":1.1217732656456603,"resolved":false},"minitorch":{"cost":2.6872442522903186,"resolved":false},"parsel":{"cost":null,"resolved":false},"portalocker":{"cost":1.3509628345626061,"resolved":false},"pyjwt":{"cost":0.6581780469830212,"resolved":false},"simpy":{"cost":1.682185542250194,"resolved":false},"tinydb":{"cost":null,"resolved":false},"voluptuous":{"cost":1.9749263314250651,"resolved":false},"wcwidth":{"cost":0.6991626517527921,"resolved":false}}
