{"Automattic__wp-calypso-21648":{"cost":0.6440946975482628,"resolved":false},"Automattic__wp-calypso-21769":{"cost":0.252267154602917,"resolved":false},"Automattic__wp-calypso-21964":{"cost":0.5802034582285491,"resolved":false},"Automattic__wp-calypso-22242":{"cost":0.8006140958545105,"resolved":true},"Automattic__wp-calypso-22621":{"cost":1.061694087773344,"resolved":false},"Automattic__wp-calypso-22709":{"cost":0.1814173770438807,"resolved":false},"Automattic__wp-calypso-22782":{"cost":0.35018668845444484,"resolved":false},"Automattic__wp-calypso-23377":{"cost":0.7988539165037745,"resolved":false},"Automattic__wp-calypso-23915":{"cost":0.3774366569299214,"resolved":false},"Automattic__wp-calypso-23991":{"cost":1.301717450064351,"resolved":false},"Automattic__wp-calypso-25160":{"cost":1.851658606885691,"resolved":false},"Automattic__wp-calypso-25257":{"cost":0.7010649261099656,"resolved":false},"Automattic__wp-calypso-25725":{"cost":2.4555899690936394,"resolved":false},"Automattic__wp-calypso-25778":{"cost":0.8827559326766748,"resolved":false},"Automattic__wp-calypso-26286":{"cost":0.17367397260449768,"resolved":false},"Automattic__wp-calypso-26335":{"cost":0.6869173666779146,"resolved":false},"Automattic__wp-calypso-27090":{"cost":1.4831318168824579,"resolved":false},"Automattic__wp-calypso-33752":{"cost":0.5113866868162044,"resolved":false},"Automattic__wp-calypso-34435":{"cost":0.30159903560473866,"resolved":false},"Automattic__wp-calypso-34597":{"cost":2.606688051122329,"resolved":false},"Automattic__wp-calypso-35531":{"cost":1.5927830033009318,"resolved":false},"chartjs__Chart.js-10301":{"cost":0.680173457536256,"resolved":true},"chartjs__Chart.js-11116":{"cost":0.4952049171471524,"resolved":true},"chartjs__Chart.js-8162":{"cost":0.3144136670641994,"resolved":false},"chartjs__Chart.js-8567":{"cost":0.3356563286448395,"resolved":false},"chartjs__Chart.js-8650":{"cost":0.7355449551895518,"resolved":false},"chartjs__Chart.js-8705":{"cost":0.827315801875739,"resolved":false},"chartjs__Chart.js-8710":{"cost":0.365500710373801,"resolved":false},"chartjs__Chart.js-8868":{"cost":0.447771986904234,"resolved":false},"chartjs__Chart.js-9027":{"cost":0.6136828882609604,"resolved":true},"chartjs__Chart.js-9101":{"cost":1.2698221011749147,"resolved":false},"chartjs__Chart.js-9199":{"cost":0.9305789881798635,"resolved":false},"chartjs__Chart.js-9367":{"cost":0.5371938540783511,"resolved":true},"chartjs__Chart.js-9399":{"cost":0.5859733586507005,"resolved":false},"chartjs__Chart.js-9678":{"cost":1.1360717495982864,"resolved":false},"chartjs__Chart.js-9766":{"cost":0.875087783881634,"resolved":false},"chartjs__Chart.js-9871":{"cost":0.4196249711481975,"resolved":false},"diegomura__react-pdf-1178":{"cost":1.7500251568154428,"resolved":true},"diegomura__react-pdf-1280":{"cost":1.0981678897237044,"resolved":false},"diegomura__react-pdf-1306":{"cost":0.34292642525173916,"resolved":false},"diegomura__react-pdf-1341":{"cost":0.21353859320720278,"resolved":false},"diegomura__react-pdf-1363":{"cost":2.0781285279715145,"resolved":false},"diegomura__react-pdf-1541":{"cost":0.41226236026918645,"resolved":false},"diegomura__react-pdf-1552":{"cost":0.26507074856787416,"resolved":false},"diegomura__react-pdf-471":{"cost":0.9447489236234989,"resolved":null},"markedjs__marked-1262":{"cost":0.7855049699694835,"resolved":false},"markedjs__marked-1435":{"cost":1.9497497236063193,"resolved":false},"markedjs__marked-1535":{"cost":0.5494658421716744,"resolved":false},"markedjs__marked-1674":{"cost":0.30284346293958236,"resolved":true},"markedjs__marked-1683":{"cost":0.5845124960827284,"resolved":false},"markedjs__marked-1739":{"cost":0.4885327517197668,"resolved":false},"markedjs__marked-1821":{"cost":0.6593235300782234,"resolved":false},"markedjs__marked-1825":{"cost":0.24169273316423692,"resolved":true},"markedjs__marked-1889":{"cost":0.7357436300906154,"resolved":false},"markedjs__marked-1936":{"cost":0.711290562722334,"resolved":false},"markedjs__marked-2483":{"cost":0.7946255527003301,"resolved":false},"markedjs__marked-2627":{"cost":0.8284820636813258,"resolved":false},"markedjs__marked-2811":{"cost":0.9375449516427613,"resolved":false},"markedjs__marked-684":{"cost":0.9412110052716802,"resolved":false},"processing__p5.js-3068":{"cost":0.5262018139840009,"resolved":true},"processing__p5.js-3680":{"cost":0.26807535525345405,"resolved":true},"processing__p5.js-4561":{"cost":0.7300028285176097,"resolved":true},"processing__p5.js-5305":{"cost":0.698779060998284,"resolved":false},"processing__p5.js-5555":{"cost":0.17276578748857516,"resolved":true},"processing__p5.js-5771":{"cost":0.45101901710545506,"resolved":false},"processing__p5.js-5915":{"cost":0.8775812542308412,"resolved":false},"processing__p5.js-5970":{"cost":0.5875133901565207,"resolved":true},"processing__p5.js-6069":{"cost":0.301366044129855,"resolved":true}}
