{"Automattic__wp-calypso-21409":{"cost":7.349289750000003,"resolved":false},"Automattic__wp-calypso-21492":{"cost":0.7636594500000001,"resolved":false},"Automattic__wp-calypso-21635":{"cost":0.8571996000000001,"resolved":false},"Automattic__wp-calypso-21648":{"cost":0.8991008999999999,"resolved":false},"Automattic__wp-calypso-21769":{"cost":0.9000080999999999,"resolved":false},"Automattic__wp-calypso-21964":{"cost":1.8762160499999996,"resolved":false},"Automattic__wp-calypso-21977":{"cost":1.0294730999999997,"resolved":false},"Automattic__wp-calypso-22026":{"cost":0.9354671999999999,"resolved":false},"Automattic__wp-calypso-22242":{"cost":1.9398771000000004,"resolved":false},"Automattic__wp-calypso-22621":{"cost":3.68001045,"resolved":false},"Automattic__wp-calypso-22709":{"cost":0.9635557499999998,"resolved":false},"Automattic__wp-calypso-22782":{"cost":0.9168822000000001,"resolved":false},"Automattic__wp-calypso-23017":{"cost":0.7305290999999999,"resolved":false},"Automattic__wp-calypso-23377":{"cost":1.59700905,"resolved":false},"Automattic__wp-calypso-23915":{"cost":1.29756195,"resolved":false},"Automattic__wp-calypso-23991":{"cost":1.8523629000000001,"resolved":false},"Automattic__wp-calypso-25160":{"cost":1.5264485999999997,"resolved":false},"Automattic__wp-calypso-25257":{"cost":2.10749895,"resolved":false},"Automattic__wp-calypso-25725":{"cost":5.4026594999999995,"resolved":false},"Automattic__wp-calypso-25778":{"cost":2.9528144999999997,"resolved":false},"Automattic__wp-calypso-26008":{"cost":1.9502923499999998,"resolved":false},"Automattic__wp-calypso-26286":{"cost":1.0330681499999999,"resolved":false},"Automattic__wp-calypso-26335":{"cost":0.9305271000000002,"resolved":false},"Automattic__wp-calypso-26816":{"cost":4.233802050000001,"resolved":false},"Automattic__wp-calypso-27090":{"cost":2.5749481499999995,"resolved":false},"Automattic__wp-calypso-29804":{"cost":1.1359565999999994,"resolved":false},"Automattic__wp-calypso-30240":{"cost":1.0234296,"resolved":false},"Automattic__wp-calypso-31830":{"cost":1.0235907,"resolved":false},"Automattic__wp-calypso-32764":{"cost":1.7571141000000001,"resolved":false},"Automattic__wp-calypso-33245":{"cost":1.1023024499999998,"resolved":true},"Automattic__wp-calypso-33752":{"cost":1.6209697499999998,"resolved":false},"Automattic__wp-calypso-33948":{"cost":1.9157427000000002,"resolved":false},"Automattic__wp-calypso-34435":{"cost":2.153953799999999,"resolved":false},"Automattic__wp-calypso-34519":{"cost":1.27717965,"resolved":false},"Automattic__wp-calypso-34597":{"cost":5.129469899999998,"resolved":false},"Automattic__wp-calypso-34820":{"cost":2.0345616,"resolved":false},"Automattic__wp-calypso-35531":{"cost":0.8789633999999997,"resolved":false},"chartjs__Chart.js-10157":{"cost":2.2373802000000005,"resolved":false},"chartjs__Chart.js-10301":{"cost":1.4622250500000002,"resolved":true},"chartjs__Chart.js-10806":{"cost":1.76563845,"resolved":false},"chartjs__Chart.js-11116":{"cost":1.0936259999999998,"resolved":true},"chartjs__Chart.js-11352":{"cost":1.1943324000000004,"resolved":false},"chartjs__Chart.js-7951":{"cost":1.4853645,"resolved":false},"chartjs__Chart.js-8162":{"cost":4.9287366,"resolved":false},"chartjs__Chart.js-8567":{"cost":1.9949597999999993,"resolved":false},"chartjs__Chart.js-8593":{"cost":1.2135807000000003,"resolved":false},"chartjs__Chart.js-8650":{"cost":2.9245491,"resolved":false},"chartjs__Chart.js-8705":{"cost":2.6977986000000005,"resolved":true},"chartjs__Chart.js-8710":{"cost":1.6588422,"resolved":false},"chartjs__Chart.js-8867":{"cost":2.8692229499999997,"resolved":false},"chartjs__Chart.js-8868":{"cost":1.20599415,"resolved":false},"chartjs__Chart.js-9027":{"cost":1.7198154000000003,"resolved":true},"chartjs__Chart.js-9101":{"cost":1.6576433999999993,"resolved":false},"chartjs__Chart.js-9199":{"cost":1.5010267499999992,"resolved":false},"chartjs__Chart.js-9367":{"cost":1.0100987999999997,"resolved":true},"chartjs__Chart.js-9399":{"cost":1.5757172999999998,"resolved":false},"chartjs__Chart.js-9613":{"cost":1.2863146499999996,"resolved":false},"chartjs__Chart.js-9678":{"cost":1.3206662999999996,"resolved":false},"chartjs__Chart.js-9764":{"cost":2.3832382499999993,"resolved":false},"chartjs__Chart.js-9766":{"cost":3.9110426999999994,"resolved":false},"chartjs__Chart.js-9871":{"cost":2.2670068500000005,"resolved":false},"diegomura__react-pdf-1178":{"cost":0.8188447500000001,"resolved":true},"diegomura__react-pdf-1280":{"cost":0.96840045,"resolved":false},"diegomura__react-pdf-1285":{"cost":2.2876182000000003,"resolved":false},"diegomura__react-pdf-1306":{"cost":0.6843869999999997,"resolved":false},"diegomura__react-pdf-1341":{"cost":0.60575265,"resolved":false},"diegomura__react-pdf-1363":{"cost":1.94216715,"resolved":false},"diegomura__react-pdf-1541":{"cost":1.7206987500000002,"resolved":true},"diegomura__react-pdf-1552":{"cost":1.5345661499999994,"resolved":false},"diegomura__react-pdf-2400":{"cost":1.8203607000000008,"resolved":true},"diegomura__react-pdf-433":{"cost":1.2209687999999996,"resolved":false},"diegomura__react-pdf-471":{"cost":5.236309349999997,"resolved":false},"markedjs__marked-1262":{"cost":0.6292557,"resolved":false},"markedjs__marked-1435":{"cost":1.672347599999999,"resolved":false},"markedjs__marked-1535":{"cost":2.7945850499999993,"resolved":false},"markedjs__marked-1674":{"cost":0.4406922000000001,"resolved":true},"markedjs__marked-1683":{"cost":1.0164437999999998,"resolved":false},"markedjs__marked-1739":{"cost":0.7732827000000001,"resolved":false},"markedjs__marked-1821":{"cost":0.7858570499999998,"resolved":false},"markedjs__marked-1825":{"cost":0.7153659,"resolved":true},"markedjs__marked-1889":{"cost":2.21516775,"resolved":false},"markedjs__marked-1936":{"cost":0.95720535,"resolved":false},"markedjs__marked-2483":{"cost":3.6997177499999996,"resolved":false},"markedjs__marked-2627":{"cost":2.0049646500000002,"resolved":false},"markedjs__marked-2811":{"cost":1.3190309999999998,"resolved":false},"markedjs__marked-684":{"cost":2.01315555,"resolved":false},"processing__p5.js-3068":{"cost":0.90995805,"resolved":true},"processing__p5.js-3680":{"cost":2.04037875,"resolved":true},"processing__p5.js-3709":{"cost":2.1238911000000003,"resolved":false},"processing__p5.js-3769":{"cost":2.57296815,"resolved":false},"processing__p5.js-4147":{"cost":2.08322775,"resolved":false},"processing__p5.js-4561":{"cost":2.4608942999999996,"resolved":true},"processing__p5.js-5305":{"cost":1.9969775999999997,"resolved":false},"processing__p5.js-5555":{"cost":2.4726807000000006,"resolved":true},"processing__p5.js-5771":{"cost":2.3325794999999996,"resolved":true},"processing__p5.js-5794":{"cost":2.6443970999999995,"resolved":false},"processing__p5.js-5855":{"cost":4.0277961,"resolved":false},"processing__p5.js-5915":{"cost":3.22698645,"resolved":false},"processing__p5.js-5917":{"cost":3.45249,"resolved":false},"processing__p5.js-5970":{"cost":1.8220135499999999,"resolved":true},"processing__p5.js-6069":{"cost":1.24232805,"resolved":true},"processing__p5.js-6111":{"cost":1.4044509000000003,"resolved":false}}
