{"babel":{"cost":null,"resolved":false},"cachetools":{"cost":0.046846884,"resolved":true},"chardet":{"cost":1.244816132,"resolved":false},"cookiecutter":{"cost":0.8986309079999997,"resolved":false},"deprecated":{"cost":0.07355255599999999,"resolved":true},"imapclient":{"cost":0.6928918359999996,"resolved":false},"jinja":{"cost":null,"resolved":false},"marshmallow":{"cost":0.6954447639999999,"resolved":false},"minitorch":{"cost":1.054161976,"resolved":false},"parsel":{"cost":0.5706495759999999,"resolved":false},"portalocker":{"cost":0.21843956399999997,"resolved":false},"pyjwt":{"cost":0.6892877320000004,"resolved":false},"simpy":{"cost":0.9887295879999997,"resolved":false},"tinydb":{"cost":0.25755497599999994,"resolved":true},"voluptuous":{"cost":1.4966139439999997,"resolved":true},"wcwidth":{"cost":0.200434976,"resolved":false}}
