{"babel":{"cost":3.9313549999999986,"resolved":false},"cachetools":{"cost":0.30641500000000005,"resolved":true},"chardet":{"cost":1.2998303999999996,"resolved":false},"cookiecutter":{"cost":0.6749618,"resolved":false},"deprecated":{"cost":0.22827919999999996,"resolved":true},"imapclient":{"cost":1.6253552,"resolved":false},"jinja":{"cost":null,"resolved":false},"marshmallow":{"cost":1.0240254000000004,"resolved":false},"minitorch":{"cost":1.0266720000000003,"resolved":false},"parsel":{"cost":0.8094322,"resolved":false},"portalocker":{"cost":0.8674494,"resolved":false},"pyjwt":{"cost":1.0805872,"resolved":false},"simpy":{"cost":1.7510589999999993,"resolved":false},"tinydb":{"cost":1.4673363999999993,"resolved":true},"voluptuous":{"cost":3.5538411999999977,"resolved":false},"wcwidth":{"cost":0.5838882000000001,"resolved":false}}
