{"Automattic__wp-calypso-21409":{"cost":1.127705121632807,"resolved":false},"Automattic__wp-calypso-21492":{"cost":0.9794538760128271,"resolved":false},"Automattic__wp-calypso-21635":{"cost":0.8970367498589166,"resolved":false},"Automattic__wp-calypso-21648":{"cost":0.8903182942810633,"resolved":false},"Automattic__wp-calypso-21769":{"cost":1.2510308691202665,"resolved":false},"Automattic__wp-calypso-21964":{"cost":1.0717541125462775,"resolved":false},"Automattic__wp-calypso-21977":{"cost":1.2197878355446257,"resolved":false},"Automattic__wp-calypso-22026":{"cost":0.7801744176644975,"resolved":false},"Automattic__wp-calypso-22242":{"cost":0.8264506591393618,"resolved":true},"Automattic__wp-calypso-22621":{"cost":1.1392242416014648,"resolved":false},"Automattic__wp-calypso-22709":{"cost":1.2925194177368082,"resolved":true},"Automattic__wp-calypso-22782":{"cost":1.009311150795246,"resolved":false},"Automattic__wp-calypso-23017":{"cost":0.9307800962110951,"resolved":false},"Automattic__wp-calypso-23377":{"cost":1.2703726214241071,"resolved":false},"Automattic__wp-calypso-23915":{"cost":1.3929156865977683,"resolved":false},"Automattic__wp-calypso-23991":{"cost":1.3881611210377864,"resolved":false},"Automattic__wp-calypso-25160":{"cost":1.0746745034132146,"resolved":false},"Automattic__wp-calypso-25257":{"cost":1.5381515498206306,"resolved":false},"Automattic__wp-calypso-25725":{"cost":1.661508828110125,"resolved":false},"Automattic__wp-calypso-25778":{"cost":1.7426064500674938,"resolved":false},"Automattic__wp-calypso-26008":{"cost":1.489879488401784,"resolved":false},"Automattic__wp-calypso-26286":{"cost":0.9335905283949871,"resolved":false},"Automattic__wp-calypso-26335":{"cost":1.1107818616698444,"resolved":false},"Automattic__wp-calypso-26816":{"cost":1.718206797905616,"resolved":false},"Automattic__wp-calypso-27090":{"cost":1.937418313066765,"resolved":false},"Automattic__wp-calypso-29804":{"cost":0.82651052775082,"resolved":false},"Automattic__wp-calypso-30240":{"cost":1.0382448524649008,"resolved":false},"Automattic__wp-calypso-31830":{"cost":1.3869803124577902,"resolved":false},"Automattic__wp-calypso-32764":{"cost":1.2451605522047398,"resolved":false},"Automattic__wp-calypso-33245":{"cost":1.0423165167301816,"resolved":false},"Automattic__wp-calypso-33752":{"cost":1.1501827918048346,"resolved":false},"Automattic__wp-calypso-33948":{"cost":1.1965408537153586,"resolved":false},"Automattic__wp-calypso-34435":{"cost":1.5339822997186727,"resolved":false},"Automattic__wp-calypso-34519":{"cost":1.088554043169636,"resolved":false},"Automattic__wp-calypso-34597":{"cost":4.148533965896785,"resolved":false},"Automattic__wp-calypso-34820":{"cost":5.014225905540582,"resolved":false},"Automattic__wp-calypso-35531":{"cost":3.510790167884251,"resolved":false},"chartjs__Chart.js-10157":{"cost":1.5207840647606472,"resolved":false},"chartjs__Chart.js-10301":{"cost":0.900772551213916,"resolved":true},"chartjs__Chart.js-10806":{"cost":1.4515981013010644,"resolved":false},"chartjs__Chart.js-11116":{"cost":1.613683985218872,"resolved":true},"chartjs__Chart.js-11352":{"cost":2.3397299938916696,"resolved":false},"chartjs__Chart.js-7951":{"cost":2.32301088589378,"resolved":false},"chartjs__Chart.js-8162":{"cost":2.200303381600647,"resolved":false},"chartjs__Chart.js-8567":{"cost":1.4172299262072992,"resolved":null},"chartjs__Chart.js-8593":{"cost":1.4597178815111187,"resolved":false},"chartjs__Chart.js-8650":{"cost":1.7806653254956266,"resolved":false},"chartjs__Chart.js-8705":{"cost":1.362959429044405,"resolved":true},"chartjs__Chart.js-8710":{"cost":1.3832465067231725,"resolved":false},"chartjs__Chart.js-8867":{"cost":1.7275113779364302,"resolved":false},"chartjs__Chart.js-8868":{"cost":1.7573933984115853,"resolved":false},"chartjs__Chart.js-9027":{"cost":0.6657303782489185,"resolved":true},"chartjs__Chart.js-9101":{"cost":5.165956914420558,"resolved":true},"chartjs__Chart.js-9199":{"cost":2.0524710166988367,"resolved":false},"chartjs__Chart.js-9367":{"cost":0.8111837640934129,"resolved":true},"chartjs__Chart.js-9399":{"cost":3.714553585668771,"resolved":false},"chartjs__Chart.js-9613":{"cost":2.1284173437642937,"resolved":false},"chartjs__Chart.js-9678":{"cost":0.6458711615800397,"resolved":false},"chartjs__Chart.js-9764":{"cost":2.290814943585761,"resolved":false},"chartjs__Chart.js-9766":{"cost":4.466566008065311,"resolved":false},"chartjs__Chart.js-9871":{"cost":1.791322736583361,"resolved":false},"component_scores":{"cost":null,"resolved":null},"diegomura__react-pdf-1178":{"cost":1.7123479558072852,"resolved":true},"diegomura__react-pdf-1280":{"cost":null,"resolved":false},"diegomura__react-pdf-1285":{"cost":2.4507848712125933,"resolved":false},"diegomura__react-pdf-1306":{"cost":0.9879009379655201,"resolved":false},"diegomura__react-pdf-1341":{"cost":0.5297134829424853,"resolved":false},"diegomura__react-pdf-1363":{"cost":1.03507620642245,"resolved":false},"diegomura__react-pdf-1541":{"cost":3.202743411858821,"resolved":true},"diegomura__react-pdf-1552":{"cost":0.9498262971363699,"resolved":false},"diegomura__react-pdf-2400":{"cost":1.2078330716465893,"resolved":false},"diegomura__react-pdf-433":{"cost":0.7100794491209392,"resolved":false},"diegomura__react-pdf-471":{"cost":1.4175524184610213,"resolved":true},"markedjs__marked-1262":{"cost":1.0502832328569407,"resolved":false},"markedjs__marked-1435":{"cost":1.4536470047472065,"resolved":false},"markedjs__marked-1535":{"cost":1.8662961987126203,"resolved":false},"markedjs__marked-1674":{"cost":0.9706593765516375,"resolved":true},"markedjs__marked-1683":{"cost":1.2903008865582013,"resolved":false},"markedjs__marked-1739":{"cost":0.6647144079124708,"resolved":false},"markedjs__marked-1821":{"cost":0.47923646056362873,"resolved":false},"markedjs__marked-1825":{"cost":0.9575162207161535,"resolved":true},"markedjs__marked-1889":{"cost":1.4533656222733526,"resolved":false},"markedjs__marked-1936":{"cost":1.2567349508579775,"resolved":false},"markedjs__marked-2483":{"cost":1.6009539228024503,"resolved":false},"markedjs__marked-2627":{"cost":1.633303228536822,"resolved":false},"markedjs__marked-2811":{"cost":1.30854863976866,"resolved":true},"markedjs__marked-684":{"cost":9.09412908956804,"resolved":true},"processing__p5.js-3068":{"cost":0.3764909473890443,"resolved":false},"processing__p5.js-3680":{"cost":0.9266882761799569,"resolved":true},"processing__p5.js-3709":{"cost":2.0544754178104614,"resolved":false},"processing__p5.js-3769":{"cost":2.7744397733692847,"resolved":false},"processing__p5.js-4147":{"cost":1.887775260445523,"resolved":true},"processing__p5.js-4561":{"cost":1.3829250122796413,"resolved":true},"processing__p5.js-5305":{"cost":1.3443997603682483,"resolved":false},"processing__p5.js-5555":{"cost":1.178084358612948,"resolved":true},"processing__p5.js-5771":{"cost":1.8019316540958141,"resolved":false},"processing__p5.js-5794":{"cost":0.8654406910377097,"resolved":false},"processing__p5.js-5855":{"cost":2.2803383357046307,"resolved":false},"processing__p5.js-5915":{"cost":1.609951376856484,"resolved":true},"processing__p5.js-5917":{"cost":1.49256788839932,"resolved":false},"processing__p5.js-5970":{"cost":1.1350428182151773,"resolved":true},"processing__p5.js-6069":{"cost":0.7561190100185048,"resolved":true},"processing__p5.js-6111":{"cost":1.5696799571108895,"resolved":false}}
