{"Automattic__wp-calypso-21648":{"cost":1.3406856000000005,"resolved":false},"Automattic__wp-calypso-21769":{"cost":12.693062100000002,"resolved":false},"Automattic__wp-calypso-21964":{"cost":3.649636200000001,"resolved":false},"Automattic__wp-calypso-22242":{"cost":1.089612,"resolved":true},"Automattic__wp-calypso-22621":{"cost":4.918715100000002,"resolved":false},"Automattic__wp-calypso-22709":{"cost":3.2946285,"resolved":true},"Automattic__wp-calypso-22782":{"cost":1.2188391,"resolved":false},"Automattic__wp-calypso-23377":{"cost":5.611418999999997,"resolved":false},"Automattic__wp-calypso-23915":{"cost":2.7707817,"resolved":false},"Automattic__wp-calypso-23991":{"cost":3.2833032,"resolved":false},"Automattic__wp-calypso-25160":{"cost":3.4389587999999995,"resolved":false},"Automattic__wp-calypso-25257":{"cost":1.4054577000000001,"resolved":false},"Automattic__wp-calypso-25725":{"cost":3.7794851999999994,"resolved":false},"Automattic__wp-calypso-25778":{"cost":2.7197224500000012,"resolved":false},"Automattic__wp-calypso-26286":{"cost":1.8464584500000003,"resolved":false},"Automattic__wp-calypso-26335":{"cost":14.742119250000002,"resolved":false},"Automattic__wp-calypso-27090":{"cost":5.370030750000001,"resolved":false},"Automattic__wp-calypso-33752":{"cost":1.6931972999999996,"resolved":false},"Automattic__wp-calypso-34435":{"cost":3.163875300000001,"resolved":false},"Automattic__wp-calypso-34597":{"cost":6.195353700000001,"resolved":false},"chartjs__Chart.js-10301":{"cost":1.09788855,"resolved":true},"chartjs__Chart.js-11116":{"cost":2.378117100000001,"resolved":true},"chartjs__Chart.js-8162":{"cost":3.2551842000000013,"resolved":true},"chartjs__Chart.js-8567":{"cost":8.110249500000002,"resolved":false},"chartjs__Chart.js-8650":{"cost":4.766341650000001,"resolved":false},"chartjs__Chart.js-8705":{"cost":1.97140635,"resolved":true},"chartjs__Chart.js-8710":{"cost":4.479994650000001,"resolved":false},"chartjs__Chart.js-8868":{"cost":6.574020749999999,"resolved":false},"chartjs__Chart.js-9027":{"cost":2.6915908499999994,"resolved":true},"chartjs__Chart.js-9101":{"cost":2.0369140500000005,"resolved":true},"chartjs__Chart.js-9199":{"cost":3.9330237,"resolved":true},"chartjs__Chart.js-9367":{"cost":1.4173447499999998,"resolved":true},"chartjs__Chart.js-9399":{"cost":4.058374199999999,"resolved":false},"chartjs__Chart.js-9678":{"cost":6.621556199999997,"resolved":false},"chartjs__Chart.js-9766":{"cost":5.026931249999998,"resolved":true},"chartjs__Chart.js-9871":{"cost":1.6665169499999999,"resolved":false},"diegomura__react-pdf-1178":{"cost":1.4230848000000005,"resolved":true},"diegomura__react-pdf-1280":{"cost":0.94471125,"resolved":true},"diegomura__react-pdf-1306":{"cost":1.8821576999999996,"resolved":false},"diegomura__react-pdf-1341":{"cost":1.0368585,"resolved":false},"diegomura__react-pdf-1363":{"cost":1.7329731,"resolved":false},"diegomura__react-pdf-1541":{"cost":1.37446065,"resolved":true},"diegomura__react-pdf-1552":{"cost":0.8267232000000002,"resolved":false},"diegomura__react-pdf-471":{"cost":0.79921155,"resolved":true},"markedjs__marked-1262":{"cost":1.5738666,"resolved":true},"markedjs__marked-1435":{"cost":5.22299235,"resolved":false},"markedjs__marked-1535":{"cost":1.1811791999999997,"resolved":false},"markedjs__marked-1674":{"cost":0.7119279000000002,"resolved":true},"markedjs__marked-1683":{"cost":1.5526047,"resolved":true},"markedjs__marked-1739":{"cost":2.0819085000000004,"resolved":false},"markedjs__marked-1821":{"cost":2.3637399000000006,"resolved":false},"markedjs__marked-1825":{"cost":0.9221425500000001,"resolved":true},"markedjs__marked-1889":{"cost":2.744156099999999,"resolved":false},"markedjs__marked-1936":{"cost":1.2582367500000002,"resolved":false},"markedjs__marked-2483":{"cost":1.2885773999999999,"resolved":false},"markedjs__marked-2627":{"cost":4.3529466,"resolved":false},"markedjs__marked-2811":{"cost":3.8611609499999995,"resolved":true},"markedjs__marked-684":{"cost":0.9409387500000002,"resolved":true},"processing__p5.js-3068":{"cost":1.3515917999999996,"resolved":true},"processing__p5.js-3680":{"cost":1.7506003500000007,"resolved":true},"processing__p5.js-4561":{"cost":1.6821518999999998,"resolved":true},"processing__p5.js-5305":{"cost":3.0954538500000006,"resolved":false},"processing__p5.js-5555":{"cost":1.9593427500000002,"resolved":false},"processing__p5.js-5771":{"cost":2.0613399000000006,"resolved":false},"processing__p5.js-5915":{"cost":3.7424841000000004,"resolved":true},"processing__p5.js-5970":{"cost":1.3762392,"resolved":true},"processing__p5.js-6069":{"cost":1.4726287499999995,"resolved":true}}
