{"Automattic__wp-calypso-21648":{"cost":1.6491939999999998,"resolved":false},"Automattic__wp-calypso-21769":{"cost":4.391350999999999,"resolved":false},"Automattic__wp-calypso-21964":{"cost":6.212836000000001,"resolved":false},"Automattic__wp-calypso-22242":{"cost":2.2677220000000005,"resolved":true},"Automattic__wp-calypso-22621":{"cost":14.756993000000001,"resolved":false},"Automattic__wp-calypso-22709":{"cost":4.802808000000001,"resolved":false},"Automattic__wp-calypso-22782":{"cost":1.8689460000000004,"resolved":false},"Automattic__wp-calypso-23377":{"cost":8.117668999999998,"resolved":false},"Automattic__wp-calypso-23915":{"cost":3.490076,"resolved":false},"Automattic__wp-calypso-23991":{"cost":4.13146,"resolved":false},"Automattic__wp-calypso-25160":{"cost":8.321189,"resolved":false},"Automattic__wp-calypso-25257":{"cost":2.890263,"resolved":false},"Automattic__wp-calypso-25725":{"cost":6.751890000000002,"resolved":false},"Automattic__wp-calypso-25778":{"cost":3.7314570000000007,"resolved":false},"Automattic__wp-calypso-26286":{"cost":1.4814839999999998,"resolved":true},"Automattic__wp-calypso-26335":{"cost":4.794218999999999,"resolved":false},"Automattic__wp-calypso-27090":{"cost":7.695989999999998,"resolved":false},"Automattic__wp-calypso-33752":{"cost":3.4435189999999998,"resolved":false},"Automattic__wp-calypso-34435":{"cost":3.79467,"resolved":false},"Automattic__wp-calypso-34597":{"cost":8.103483000000002,"resolved":false},"Automattic__wp-calypso-35531":{"cost":2.9519649999999995,"resolved":false},"chartjs__Chart.js-10301":{"cost":5.4599600000000015,"resolved":true},"chartjs__Chart.js-11116":{"cost":2.3519270000000003,"resolved":true},"chartjs__Chart.js-8162":{"cost":3.7811629999999994,"resolved":true},"chartjs__Chart.js-8567":{"cost":6.1718439999999966,"resolved":false},"chartjs__Chart.js-8650":{"cost":null,"resolved":false},"chartjs__Chart.js-8705":{"cost":2.855386,"resolved":true},"chartjs__Chart.js-8710":{"cost":3.757198,"resolved":false},"chartjs__Chart.js-8868":{"cost":5.108712,"resolved":true},"chartjs__Chart.js-9027":{"cost":2.54529,"resolved":true},"chartjs__Chart.js-9101":{"cost":2.72462,"resolved":true},"chartjs__Chart.js-9199":{"cost":4.768951000000001,"resolved":false},"chartjs__Chart.js-9367":{"cost":2.5172169999999996,"resolved":true},"chartjs__Chart.js-9399":{"cost":3.6340510000000004,"resolved":false},"chartjs__Chart.js-9678":{"cost":3.252828,"resolved":false},"chartjs__Chart.js-9766":{"cost":7.8883090000000005,"resolved":false},"chartjs__Chart.js-9871":{"cost":4.218115,"resolved":false},"diegomura__react-pdf-1178":{"cost":3.2421130000000002,"resolved":true},"diegomura__react-pdf-1280":{"cost":2.9739760000000004,"resolved":false},"diegomura__react-pdf-1306":{"cost":1.4655350000000005,"resolved":false},"diegomura__react-pdf-1341":{"cost":1.77223,"resolved":false},"diegomura__react-pdf-1363":{"cost":4.412598,"resolved":false},"diegomura__react-pdf-1541":{"cost":3.399633,"resolved":true},"diegomura__react-pdf-1552":{"cost":1.973131,"resolved":false},"diegomura__react-pdf-471":{"cost":2.8501600000000007,"resolved":true},"markedjs__marked-1262":{"cost":1.735566,"resolved":false},"markedjs__marked-1435":{"cost":3.2230160000000003,"resolved":true},"markedjs__marked-1535":{"cost":2.89525,"resolved":false},"markedjs__marked-1674":{"cost":2.335223,"resolved":true},"markedjs__marked-1683":{"cost":2.2444019999999996,"resolved":true},"markedjs__marked-1739":{"cost":2.707441,"resolved":false},"markedjs__marked-1821":{"cost":2.505015,"resolved":false},"markedjs__marked-1825":{"cost":2.558484,"resolved":true},"markedjs__marked-1889":{"cost":2.8299730000000003,"resolved":false},"markedjs__marked-1936":{"cost":2.8781249999999994,"resolved":false},"markedjs__marked-2483":{"cost":2.378289,"resolved":false},"markedjs__marked-2627":{"cost":2.529255,"resolved":false},"markedjs__marked-2811":{"cost":3.180862,"resolved":true},"markedjs__marked-684":{"cost":3.162371999999999,"resolved":true},"processing__p5.js-3068":{"cost":3.217184999999999,"resolved":false},"processing__p5.js-3680":{"cost":5.2166999999999994,"resolved":true},"processing__p5.js-4561":{"cost":5.222080000000002,"resolved":true},"processing__p5.js-5305":{"cost":5.802905999999998,"resolved":false},"processing__p5.js-5555":{"cost":3.4274060000000004,"resolved":true},"processing__p5.js-5771":{"cost":3.671839,"resolved":true},"processing__p5.js-5915":{"cost":6.748747000000002,"resolved":true},"processing__p5.js-5970":{"cost":2.894239000000001,"resolved":true},"processing__p5.js-6069":{"cost":2.6807600000000003,"resolved":true}}
