{"Automattic__wp-calypso-21648":{"cost":0.15050339999999998,"resolved":false},"Automattic__wp-calypso-21769":{"cost":0.38912040000000037,"resolved":false},"Automattic__wp-calypso-21964":{"cost":0.2635776,"resolved":false},"Automattic__wp-calypso-22242":{"cost":0.226293,"resolved":true},"Automattic__wp-calypso-22621":{"cost":0.640968,"resolved":false},"Automattic__wp-calypso-22709":{"cost":0.7190250000000004,"resolved":true},"Automattic__wp-calypso-22782":{"cost":0.21008219999999997,"resolved":false},"Automattic__wp-calypso-23377":{"cost":0.4816608,"resolved":false},"Automattic__wp-calypso-23915":{"cost":0.3986034000000001,"resolved":false},"Automattic__wp-calypso-23991":{"cost":0.2984454000000001,"resolved":false},"Automattic__wp-calypso-25160":{"cost":0.45747959999999976,"resolved":false},"Automattic__wp-calypso-25257":{"cost":0.5877078000000003,"resolved":false},"Automattic__wp-calypso-25725":{"cost":1.5553643999999989,"resolved":false},"Automattic__wp-calypso-25778":{"cost":0.4985147999999997,"resolved":false},"Automattic__wp-calypso-26286":{"cost":0.1005384,"resolved":true},"Automattic__wp-calypso-26335":{"cost":1.9792145999999986,"resolved":false},"Automattic__wp-calypso-27090":{"cost":0.6377621999999997,"resolved":false},"Automattic__wp-calypso-33752":{"cost":1.0079112000000003,"resolved":false},"Automattic__wp-calypso-34435":{"cost":0.9069827999999995,"resolved":false},"Automattic__wp-calypso-34597":{"cost":0.4381403999999999,"resolved":false},"Automattic__wp-calypso-35531":{"cost":0.7648271999999999,"resolved":false},"chartjs__Chart.js-10301":{"cost":0.3465551999999999,"resolved":true},"chartjs__Chart.js-11116":{"cost":0.3231005999999998,"resolved":true},"chartjs__Chart.js-8162":{"cost":1.177155599999999,"resolved":true},"chartjs__Chart.js-8567":{"cost":null,"resolved":false},"chartjs__Chart.js-8705":{"cost":0.9690143999999996,"resolved":true},"chartjs__Chart.js-8710":{"cost":0.2203338,"resolved":false},"chartjs__Chart.js-8868":{"cost":1.1686361999999992,"resolved":false},"chartjs__Chart.js-9027":{"cost":0.3885996000000001,"resolved":true},"chartjs__Chart.js-9101":{"cost":0.4331604000000002,"resolved":true},"chartjs__Chart.js-9199":{"cost":null,"resolved":false},"chartjs__Chart.js-9367":{"cost":0.5127282000000001,"resolved":true},"chartjs__Chart.js-9399":{"cost":0.6814416000000002,"resolved":false},"chartjs__Chart.js-9678":{"cost":1.0196867999999997,"resolved":false},"chartjs__Chart.js-9766":{"cost":1.4251715999999992,"resolved":true},"chartjs__Chart.js-9871":{"cost":0.41923079999999985,"resolved":false},"diegomura__react-pdf-1178":{"cost":0.40753740000000016,"resolved":true},"diegomura__react-pdf-1280":{"cost":0.09565499999999996,"resolved":false},"diegomura__react-pdf-1306":{"cost":0.15673020000000004,"resolved":false},"diegomura__react-pdf-1341":{"cost":0.054512399999999996,"resolved":false},"diegomura__react-pdf-1363":{"cost":0.6823566000000001,"resolved":false},"diegomura__react-pdf-1541":{"cost":0.8353650000000004,"resolved":true},"diegomura__react-pdf-1552":{"cost":0.4702752,"resolved":false},"diegomura__react-pdf-471":{"cost":0.4167756000000001,"resolved":true},"markedjs__marked-1262":{"cost":0.18143279999999995,"resolved":false},"markedjs__marked-1435":{"cost":0.8178803999999996,"resolved":false},"markedjs__marked-1535":{"cost":0.1820004000000001,"resolved":false},"markedjs__marked-1674":{"cost":0.06761399999999998,"resolved":true},"markedjs__marked-1683":{"cost":0.5244342,"resolved":true},"markedjs__marked-1739":{"cost":0.20313840000000002,"resolved":false},"markedjs__marked-1821":{"cost":0.1329276,"resolved":false},"markedjs__marked-1825":{"cost":0.0400434,"resolved":true},"markedjs__marked-1889":{"cost":0.5029577999999998,"resolved":false},"markedjs__marked-1936":{"cost":0.3422945999999998,"resolved":false},"markedjs__marked-2483":{"cost":0.3988505999999997,"resolved":false},"markedjs__marked-2627":{"cost":0.8537915999999999,"resolved":false},"markedjs__marked-2811":{"cost":1.255454999999999,"resolved":false},"markedjs__marked-684":{"cost":0.5385365999999998,"resolved":true},"processing__p5.js-3068":{"cost":0.2568774,"resolved":false},"processing__p5.js-3680":{"cost":0.6574002,"resolved":true},"processing__p5.js-4561":{"cost":0.947964,"resolved":true},"processing__p5.js-5305":{"cost":1.462543199999999,"resolved":false},"processing__p5.js-5555":{"cost":0.28008839999999985,"resolved":true},"processing__p5.js-5771":{"cost":0.5377908000000001,"resolved":true},"processing__p5.js-5915":{"cost":0.3575219999999999,"resolved":true},"processing__p5.js-5970":{"cost":0.6125322,"resolved":true},"processing__p5.js-6069":{"cost":0.09358800000000003,"resolved":true}}
