{"babel":{"cost":12.688144349999991,"resolved":false},"cachetools":{"cost":1.0892717499999998,"resolved":true},"chardet":{"cost":9.314593749999997,"resolved":false},"cookiecutter":{"cost":12.44168065,"resolved":false},"deprecated":{"cost":1.0460215500000003,"resolved":true},"imapclient":{"cost":13.210343300000014,"resolved":true},"jinja":{"cost":null,"resolved":false},"marshmallow":{"cost":null,"resolved":false},"minitorch":{"cost":7.1161898500000005,"resolved":false},"parsel":{"cost":5.371242099999999,"resolved":false},"portalocker":{"cost":3.537777949999998,"resolved":true},"pyjwt":{"cost":6.1711531000000015,"resolved":false},"simpy":{"cost":5.538930950000003,"resolved":true},"tinydb":{"cost":2.8902936999999995,"resolved":true},"voluptuous":{"cost":6.1984741,"resolved":true},"wcwidth":{"cost":1.3762755999999998,"resolved":false}}
