{"Automattic__wp-calypso-21409":{"cost":4.5818328500000005,"resolved":false},"Automattic__wp-calypso-21492":{"cost":2.2942479000000007,"resolved":false},"Automattic__wp-calypso-21635":{"cost":2.3246601,"resolved":false},"Automattic__wp-calypso-21648":{"cost":2.2316308000000005,"resolved":false},"Automattic__wp-calypso-21769":{"cost":2.9654330999999994,"resolved":false},"Automattic__wp-calypso-21964":{"cost":5.414929800000001,"resolved":false},"Automattic__wp-calypso-21977":{"cost":2.27668385,"resolved":false},"Automattic__wp-calypso-22026":{"cost":1.2255747,"resolved":false},"Automattic__wp-calypso-22242":{"cost":1.2111613499999996,"resolved":true},"Automattic__wp-calypso-22621":{"cost":8.927753800000001,"resolved":false},"Automattic__wp-calypso-22709":{"cost":4.732462000000001,"resolved":false},"Automattic__wp-calypso-22782":{"cost":1.19538685,"resolved":false},"Automattic__wp-calypso-23017":{"cost":2.5230268000000002,"resolved":false},"Automattic__wp-calypso-23377":{"cost":6.965813749999999,"resolved":false},"Automattic__wp-calypso-23915":{"cost":2.1949441499999995,"resolved":false},"Automattic__wp-calypso-23991":{"cost":0.9709640500000001,"resolved":null},"Automattic__wp-calypso-25160":{"cost":3.8103971499999996,"resolved":false},"Automattic__wp-calypso-25257":{"cost":1.8395915999999997,"resolved":false},"Automattic__wp-calypso-25725":{"cost":4.1927886,"resolved":false},"Automattic__wp-calypso-25778":{"cost":7.068090049999999,"resolved":false},"Automattic__wp-calypso-26008":{"cost":1.9782119,"resolved":false},"Automattic__wp-calypso-26286":{"cost":1.2950353499999998,"resolved":true},"Automattic__wp-calypso-26335":{"cost":1.7967596500000003,"resolved":false},"Automattic__wp-calypso-26816":{"cost":9.344082299999998,"resolved":false},"Automattic__wp-calypso-27090":{"cost":4.85968665,"resolved":false},"Automattic__wp-calypso-29804":{"cost":1.29105025,"resolved":false},"Automattic__wp-calypso-30240":{"cost":2.9821273999999995,"resolved":false},"Automattic__wp-calypso-31830":{"cost":2.2639476999999997,"resolved":false},"Automattic__wp-calypso-32764":{"cost":2.603651399999999,"resolved":false},"Automattic__wp-calypso-33245":{"cost":2.9597725500000003,"resolved":false},"Automattic__wp-calypso-33752":{"cost":2.0847133999999996,"resolved":false},"Automattic__wp-calypso-33948":{"cost":0.66505005,"resolved":false},"Automattic__wp-calypso-34435":{"cost":3.1758429499999994,"resolved":false},"Automattic__wp-calypso-34519":{"cost":2.1574826000000007,"resolved":false},"Automattic__wp-calypso-34597":{"cost":3.7603240499999995,"resolved":false},"Automattic__wp-calypso-34820":{"cost":2.79840855,"resolved":false},"Automattic__wp-calypso-35531":{"cost":1.3935047000000003,"resolved":false},"chartjs__Chart.js-10157":{"cost":4.030524400000001,"resolved":false},"chartjs__Chart.js-10301":{"cost":1.2568171,"resolved":true},"chartjs__Chart.js-10806":{"cost":0.0,"resolved":false},"chartjs__Chart.js-11116":{"cost":0.0,"resolved":false},"chartjs__Chart.js-11352":{"cost":1.3381788,"resolved":false},"chartjs__Chart.js-7951":{"cost":1.5929994500000009,"resolved":false},"chartjs__Chart.js-8162":{"cost":3.4840396500000006,"resolved":false},"chartjs__Chart.js-8567":{"cost":5.396490750000003,"resolved":false},"chartjs__Chart.js-8593":{"cost":1.31009375,"resolved":false},"chartjs__Chart.js-8650":{"cost":5.715442250000001,"resolved":false},"chartjs__Chart.js-8705":{"cost":1.79780125,"resolved":true},"chartjs__Chart.js-8710":{"cost":2.26589265,"resolved":false},"chartjs__Chart.js-8867":{"cost":2.4487102499999995,"resolved":false},"chartjs__Chart.js-8868":{"cost":1.8573313500000004,"resolved":true},"chartjs__Chart.js-9027":{"cost":2.1140671999999996,"resolved":true},"chartjs__Chart.js-9101":{"cost":1.5867663000000003,"resolved":true},"chartjs__Chart.js-9199":{"cost":4.1755434000000005,"resolved":true},"chartjs__Chart.js-9367":{"cost":2.0486749499999997,"resolved":true},"chartjs__Chart.js-9399":{"cost":2.0384934500000003,"resolved":false},"chartjs__Chart.js-9613":{"cost":2.1276601499999996,"resolved":false},"chartjs__Chart.js-9678":{"cost":4.676733949999999,"resolved":false},"chartjs__Chart.js-9764":{"cost":1.65922855,"resolved":false},"chartjs__Chart.js-9766":{"cost":1.6373752499999996,"resolved":true},"chartjs__Chart.js-9871":{"cost":2.9968102499999993,"resolved":false},"diegomura__react-pdf-1178":{"cost":2.1042892500000003,"resolved":true},"diegomura__react-pdf-1280":{"cost":1.6527595,"resolved":false},"diegomura__react-pdf-1285":{"cost":0.02512895,"resolved":false},"diegomura__react-pdf-1306":{"cost":1.1708210499999998,"resolved":false},"diegomura__react-pdf-1341":{"cost":0.5022745000000001,"resolved":false},"diegomura__react-pdf-1363":{"cost":1.4210818999999997,"resolved":false},"diegomura__react-pdf-1541":{"cost":2.130989,"resolved":true},"diegomura__react-pdf-1552":{"cost":0.7730726500000001,"resolved":false},"diegomura__react-pdf-2400":{"cost":1.5743307999999994,"resolved":false},"diegomura__react-pdf-433":{"cost":1.7264397500000002,"resolved":false},"diegomura__react-pdf-471":{"cost":0.7907403000000002,"resolved":true},"markedjs__marked-1262":{"cost":1.27486695,"resolved":false},"markedjs__marked-1435":{"cost":1.7533019,"resolved":true},"markedjs__marked-1535":{"cost":0.7757861999999999,"resolved":false},"markedjs__marked-1674":{"cost":1.68378945,"resolved":true},"markedjs__marked-1683":{"cost":1.47298655,"resolved":false},"markedjs__marked-1739":{"cost":0.9237119499999997,"resolved":false},"markedjs__marked-1821":{"cost":1.6390972500000003,"resolved":false},"markedjs__marked-1825":{"cost":0.9362206,"resolved":true},"markedjs__marked-1889":{"cost":1.5046038,"resolved":false},"markedjs__marked-1936":{"cost":1.2170931500000002,"resolved":false},"markedjs__marked-2483":{"cost":2.2923585999999996,"resolved":false},"markedjs__marked-2627":{"cost":1.9324826499999996,"resolved":false},"markedjs__marked-2811":{"cost":2.7423487,"resolved":true},"markedjs__marked-684":{"cost":1.4215782000000001,"resolved":true},"processing__p5.js-3068":{"cost":1.7940587,"resolved":false},"processing__p5.js-3680":{"cost":1.8455937499999997,"resolved":true},"processing__p5.js-3709":{"cost":2.517006449999999,"resolved":false},"processing__p5.js-3769":{"cost":3.3415924500000003,"resolved":false},"processing__p5.js-4147":{"cost":4.881320849999999,"resolved":false},"processing__p5.js-4561":{"cost":4.6320378999999985,"resolved":true},"processing__p5.js-5305":{"cost":2.4045559999999995,"resolved":false},"processing__p5.js-5555":{"cost":3.5613336500000004,"resolved":false},"processing__p5.js-5771":{"cost":3.3870413500000014,"resolved":false},"processing__p5.js-5794":{"cost":2.0929901999999996,"resolved":false},"processing__p5.js-5855":{"cost":2.8961670499999994,"resolved":false},"processing__p5.js-5915":{"cost":4.13095445,"resolved":true},"processing__p5.js-5917":{"cost":6.441429399999997,"resolved":false},"processing__p5.js-5970":{"cost":2.7097657999999996,"resolved":true},"processing__p5.js-6069":{"cost":1.5847919499999996,"resolved":true},"processing__p5.js-6111":{"cost":3.906540399999998,"resolved":false}}
