{"Automattic__wp-calypso-21648":{"cost":1.13021475,"resolved":false},"Automattic__wp-calypso-21769":{"cost":1.58357725,"resolved":false},"Automattic__wp-calypso-21964":{"cost":1.6115687500000002,"resolved":true},"Automattic__wp-calypso-22242":{"cost":1.00588975,"resolved":false},"Automattic__wp-calypso-22621":{"cost":3.97415025,"resolved":false},"Automattic__wp-calypso-22709":{"cost":2.4793655000000006,"resolved":false},"Automattic__wp-calypso-22782":{"cost":1.10443375,"resolved":false},"Automattic__wp-calypso-23377":{"cost":1.6700862500000004,"resolved":false},"Automattic__wp-calypso-23915":{"cost":5.8459717499999995,"resolved":false},"Automattic__wp-calypso-23991":{"cost":1.7016170000000002,"resolved":false},"Automattic__wp-calypso-25160":{"cost":2.9045287499999994,"resolved":false},"Automattic__wp-calypso-25257":{"cost":2.2579572500000005,"resolved":false},"Automattic__wp-calypso-25725":{"cost":3.58876525,"resolved":false},"Automattic__wp-calypso-25778":{"cost":3.0534285000000003,"resolved":false},"Automattic__wp-calypso-26286":{"cost":0.8787032500000002,"resolved":false},"Automattic__wp-calypso-26335":{"cost":5.5339087499999975,"resolved":false},"Automattic__wp-calypso-27090":{"cost":3.9771570000000014,"resolved":false},"Automattic__wp-calypso-33752":{"cost":2.171942750000001,"resolved":false},"Automattic__wp-calypso-34435":{"cost":9.102927000000001,"resolved":false},"Automattic__wp-calypso-34597":{"cost":2.3046752500000003,"resolved":false},"Automattic__wp-calypso-35531":{"cost":1.3273674999999998,"resolved":false},"chartjs__Chart.js-10301":{"cost":2.3656079999999995,"resolved":true},"chartjs__Chart.js-11116":{"cost":1.70935,"resolved":true},"chartjs__Chart.js-8162":{"cost":3.4452027499999995,"resolved":true},"chartjs__Chart.js-8567":{"cost":8.621496749999999,"resolved":true},"chartjs__Chart.js-8650":{"cost":12.042106500000001,"resolved":true},"chartjs__Chart.js-8705":{"cost":0.68815775,"resolved":true},"chartjs__Chart.js-8710":{"cost":6.0184334999999995,"resolved":true},"chartjs__Chart.js-8868":{"cost":3.591711499999999,"resolved":true},"chartjs__Chart.js-9027":{"cost":2.001821,"resolved":true},"chartjs__Chart.js-9101":{"cost":1.07415275,"resolved":true},"chartjs__Chart.js-9199":{"cost":6.2217865,"resolved":false},"chartjs__Chart.js-9367":{"cost":2.7090785,"resolved":true},"chartjs__Chart.js-9399":{"cost":12.250800500000002,"resolved":false},"chartjs__Chart.js-9678":{"cost":4.2183595,"resolved":false},"chartjs__Chart.js-9766":{"cost":5.0898175,"resolved":true},"chartjs__Chart.js-9871":{"cost":1.6674482499999999,"resolved":false},"diegomura__react-pdf-1178":{"cost":1.0413922500000001,"resolved":true},"diegomura__react-pdf-1280":{"cost":1.7467692500000007,"resolved":true},"diegomura__react-pdf-1306":{"cost":0.8402877499999999,"resolved":false},"diegomura__react-pdf-1341":{"cost":0.391113,"resolved":false},"diegomura__react-pdf-1363":{"cost":1.9878955000000005,"resolved":true},"diegomura__react-pdf-1541":{"cost":3.0557495,"resolved":true},"diegomura__react-pdf-1552":{"cost":0.6410715,"resolved":false},"diegomura__react-pdf-471":{"cost":0.62896875,"resolved":true},"markedjs__marked-1262":{"cost":1.3479357499999998,"resolved":true},"markedjs__marked-1435":{"cost":1.5710842500000004,"resolved":true},"markedjs__marked-1535":{"cost":1.2439797500000003,"resolved":true},"markedjs__marked-1674":{"cost":0.7372809999999999,"resolved":true},"markedjs__marked-1683":{"cost":0.7722062499999999,"resolved":false},"markedjs__marked-1739":{"cost":1.5115317499999996,"resolved":false},"markedjs__marked-1821":{"cost":1.39529,"resolved":false},"markedjs__marked-1825":{"cost":0.37791525,"resolved":true},"markedjs__marked-1889":{"cost":1.7122537500000004,"resolved":false},"markedjs__marked-1936":{"cost":0.92050375,"resolved":false},"markedjs__marked-2483":{"cost":0.9953727499999999,"resolved":true},"markedjs__marked-2627":{"cost":1.6693014999999998,"resolved":true},"markedjs__marked-2811":{"cost":2.44744025,"resolved":true},"markedjs__marked-684":{"cost":0.0047150000000000004,"resolved":false},"processing__p5.js-3068":{"cost":0.8004280000000001,"resolved":true},"processing__p5.js-3680":{"cost":4.482497749999999,"resolved":true},"processing__p5.js-4561":{"cost":2.8663439999999993,"resolved":true},"processing__p5.js-5305":{"cost":5.096618,"resolved":false},"processing__p5.js-5555":{"cost":0.7400732499999999,"resolved":true},"processing__p5.js-5771":{"cost":2.4187297500000002,"resolved":true},"processing__p5.js-5915":{"cost":3.9908002499999995,"resolved":true},"processing__p5.js-5970":{"cost":2.412308249999999,"resolved":true},"processing__p5.js-6069":{"cost":1.5956990000000004,"resolved":true}}
