{"Automattic__wp-calypso-21648":{"cost":0.3928809999999999,"resolved":false},"Automattic__wp-calypso-21769":{"cost":2.0778355000000004,"resolved":false},"Automattic__wp-calypso-21964":{"cost":1.07775365,"resolved":false},"Automattic__wp-calypso-22242":{"cost":0.6390975999999999,"resolved":true},"Automattic__wp-calypso-22621":{"cost":1.0227020499999997,"resolved":false},"Automattic__wp-calypso-22709":{"cost":2.204385050000001,"resolved":false},"Automattic__wp-calypso-22782":{"cost":0.41441519999999993,"resolved":false},"Automattic__wp-calypso-23377":{"cost":1.1380800999999996,"resolved":false},"Automattic__wp-calypso-23915":{"cost":7.571388650000001,"resolved":false},"Automattic__wp-calypso-23991":{"cost":0.5810269,"resolved":false},"Automattic__wp-calypso-25160":{"cost":3.4760246500000007,"resolved":false},"Automattic__wp-calypso-25257":{"cost":1.5286298500000004,"resolved":false},"Automattic__wp-calypso-25725":{"cost":2.7447338,"resolved":false},"Automattic__wp-calypso-25778":{"cost":1.5740801499999997,"resolved":false},"Automattic__wp-calypso-26286":{"cost":0.3941966,"resolved":true},"Automattic__wp-calypso-26335":{"cost":2.7006843999999997,"resolved":false},"Automattic__wp-calypso-27090":{"cost":3.2979584499999994,"resolved":false},"Automattic__wp-calypso-33752":{"cost":1.9974407499999998,"resolved":false},"Automattic__wp-calypso-34435":{"cost":8.147209550000001,"resolved":false},"Automattic__wp-calypso-34597":{"cost":1.4823955999999996,"resolved":false},"Automattic__wp-calypso-35531":{"cost":0.8023909499999999,"resolved":false},"chartjs__Chart.js-10301":{"cost":1.5040974499999995,"resolved":true},"chartjs__Chart.js-11116":{"cost":1.4105815,"resolved":true},"chartjs__Chart.js-8162":{"cost":3.7859251,"resolved":false},"chartjs__Chart.js-8567":{"cost":5.408524999999997,"resolved":false},"chartjs__Chart.js-8650":{"cost":5.523856049999998,"resolved":false},"chartjs__Chart.js-8705":{"cost":3.0064843999999993,"resolved":false},"chartjs__Chart.js-8710":{"cost":2.3653296499999996,"resolved":false},"chartjs__Chart.js-8868":{"cost":8.993387099999996,"resolved":true},"chartjs__Chart.js-9027":{"cost":0.5415648,"resolved":true},"chartjs__Chart.js-9101":{"cost":2.3922473499999994,"resolved":true},"chartjs__Chart.js-9199":{"cost":6.95978695,"resolved":true},"chartjs__Chart.js-9367":{"cost":1.2613075999999999,"resolved":true},"chartjs__Chart.js-9399":{"cost":3.9326448000000003,"resolved":false},"chartjs__Chart.js-9678":{"cost":2.4885186999999993,"resolved":false},"chartjs__Chart.js-9766":{"cost":0.0,"resolved":true},"chartjs__Chart.js-9871":{"cost":1.8996133,"resolved":false},"diegomura__react-pdf-1178":{"cost":0.5208476,"resolved":true},"diegomura__react-pdf-1280":{"cost":0.5978765500000002,"resolved":false},"diegomura__react-pdf-1306":{"cost":0.46826654999999995,"resolved":false},"diegomura__react-pdf-1341":{"cost":0.24512325000000001,"resolved":false},"diegomura__react-pdf-1363":{"cost":1.0769275999999999,"resolved":false},"diegomura__react-pdf-1541":{"cost":1.5685850999999995,"resolved":true},"diegomura__react-pdf-1552":{"cost":0.35417394999999996,"resolved":false},"diegomura__react-pdf-471":{"cost":0.47583094999999986,"resolved":true},"markedjs__marked-1262":{"cost":1.3978827499999997,"resolved":false},"markedjs__marked-1435":{"cost":0.73805445,"resolved":true},"markedjs__marked-1535":{"cost":0.4768115499999999,"resolved":false},"markedjs__marked-1674":{"cost":0.26956395,"resolved":true},"markedjs__marked-1683":{"cost":0.9315416500000001,"resolved":true},"markedjs__marked-1739":{"cost":0.5223253499999999,"resolved":false},"markedjs__marked-1821":{"cost":0.3786242,"resolved":false},"markedjs__marked-1825":{"cost":0.23579855,"resolved":true},"markedjs__marked-1889":{"cost":2.0579267,"resolved":false},"markedjs__marked-1936":{"cost":1.3933330500000003,"resolved":false},"markedjs__marked-2483":{"cost":2.4436174999999998,"resolved":false},"markedjs__marked-2627":{"cost":1.1321879999999998,"resolved":false},"markedjs__marked-2811":{"cost":5.184989849999998,"resolved":false},"markedjs__marked-684":{"cost":0.0,"resolved":false},"processing__p5.js-3068":{"cost":0.49973365000000003,"resolved":false},"processing__p5.js-3680":{"cost":3.3694881499999996,"resolved":true},"processing__p5.js-4561":{"cost":3.2098256,"resolved":true},"processing__p5.js-5305":{"cost":3.3202433999999985,"resolved":false},"processing__p5.js-5555":{"cost":2.0371983499999997,"resolved":false},"processing__p5.js-5771":{"cost":1.8392236499999999,"resolved":true},"processing__p5.js-5915":{"cost":2.8601046500000007,"resolved":true},"processing__p5.js-5970":{"cost":0.24402375,"resolved":false},"processing__p5.js-6069":{"cost":0.2092375,"resolved":true}}
