{"Automattic__wp-calypso-21409":{"cost":0.3770768229749858,"resolved":false},"Automattic__wp-calypso-21492":{"cost":0.12118328662026592,"resolved":false},"Automattic__wp-calypso-21635":{"cost":0.6201774193300461,"resolved":false},"Automattic__wp-calypso-21648":{"cost":0.09261661884445731,"resolved":false},"Automattic__wp-calypso-21769":{"cost":0.2868155574183413,"resolved":false},"Automattic__wp-calypso-21964":{"cost":0.22867276760231403,"resolved":false},"Automattic__wp-calypso-21977":{"cost":0.21967095050034857,"resolved":false},"Automattic__wp-calypso-22026":{"cost":0.1635980038779746,"resolved":false},"Automattic__wp-calypso-22242":{"cost":0.11865533141169309,"resolved":true},"Automattic__wp-calypso-22621":{"cost":0.2748378120308774,"resolved":false},"Automattic__wp-calypso-22709":{"cost":0.1685151488301506,"resolved":false},"Automattic__wp-calypso-22782":{"cost":0.1701105617181487,"resolved":false},"Automattic__wp-calypso-23017":{"cost":0.232697805998459,"resolved":false},"Automattic__wp-calypso-23377":{"cost":0.6267800277378466,"resolved":false},"Automattic__wp-calypso-23915":{"cost":0.31071231434536367,"resolved":false},"Automattic__wp-calypso-23991":{"cost":0.2846561436067893,"resolved":false},"Automattic__wp-calypso-25160":{"cost":0.4035811467716336,"resolved":false},"Automattic__wp-calypso-25257":{"cost":0.2272423374331515,"resolved":false},"Automattic__wp-calypso-25725":{"cost":0.4461929433862059,"resolved":false},"Automattic__wp-calypso-25778":{"cost":0.3311021386071007,"resolved":false},"Automattic__wp-calypso-26008":{"cost":0.23246467041831534,"resolved":false},"Automattic__wp-calypso-26286":{"cost":0.12338433607068051,"resolved":true},"Automattic__wp-calypso-26335":{"cost":0.15989879135310098,"resolved":false},"Automattic__wp-calypso-26816":{"cost":0.5093903237576282,"resolved":false},"Automattic__wp-calypso-27090":{"cost":0.3331597430827022,"resolved":false},"Automattic__wp-calypso-29804":{"cost":0.07210032782951827,"resolved":false},"Automattic__wp-calypso-30240":{"cost":0.2286436106563671,"resolved":false},"Automattic__wp-calypso-31830":{"cost":0.5101418650372114,"resolved":false},"Automattic__wp-calypso-32764":{"cost":0.30623846296026996,"resolved":false},"Automattic__wp-calypso-33245":{"cost":0.21099213956500523,"resolved":false},"Automattic__wp-calypso-33752":{"cost":0.24286866064923548,"resolved":false},"Automattic__wp-calypso-33948":{"cost":0.27480901504722616,"resolved":false},"Automattic__wp-calypso-34435":{"cost":0.44380669333468387,"resolved":false},"Automattic__wp-calypso-34519":{"cost":0.8645107665602462,"resolved":false},"Automattic__wp-calypso-34597":{"cost":0.6828316765910617,"resolved":false},"Automattic__wp-calypso-34820":{"cost":3.3902640257769243,"resolved":false},"Automattic__wp-calypso-35531":{"cost":0.6061311506106797,"resolved":false},"chartjs__Chart.js-10157":{"cost":0.24599145355135557,"resolved":false},"chartjs__Chart.js-10301":{"cost":0.20166653637811038,"resolved":true},"chartjs__Chart.js-10806":{"cost":0.25432188097823405,"resolved":false},"chartjs__Chart.js-11116":{"cost":0.3520163679398711,"resolved":true},"chartjs__Chart.js-11352":{"cost":0.24055854262324156,"resolved":false},"chartjs__Chart.js-7951":{"cost":0.273774603396985,"resolved":false},"chartjs__Chart.js-8162":{"cost":0.6631193013697215,"resolved":false},"chartjs__Chart.js-8567":{"cost":1.6890997347412473,"resolved":false},"chartjs__Chart.js-8593":{"cost":0.335605506900437,"resolved":false},"chartjs__Chart.js-8650":{"cost":0.21805723952898867,"resolved":false},"chartjs__Chart.js-8705":{"cost":0.3306138497530633,"resolved":true},"chartjs__Chart.js-8710":{"cost":0.19941005273416704,"resolved":false},"chartjs__Chart.js-8867":{"cost":0.5141997799896915,"resolved":false},"chartjs__Chart.js-8868":{"cost":0.22816834043868872,"resolved":false},"chartjs__Chart.js-9027":{"cost":0.1591924253416209,"resolved":true},"chartjs__Chart.js-9101":{"cost":0.9900390380637661,"resolved":false},"chartjs__Chart.js-9199":{"cost":0.5092256410073723,"resolved":false},"chartjs__Chart.js-9367":{"cost":0.25901176973442847,"resolved":true},"chartjs__Chart.js-9399":{"cost":0.6263317546923413,"resolved":false},"chartjs__Chart.js-9613":{"cost":0.38816414163046503,"resolved":false},"chartjs__Chart.js-9678":{"cost":0.359100185943228,"resolved":false},"chartjs__Chart.js-9764":{"cost":0.4316315686217767,"resolved":false},"chartjs__Chart.js-9766":{"cost":0.8764321178547262,"resolved":false},"chartjs__Chart.js-9871":{"cost":0.21701598859513033,"resolved":false},"diegomura__react-pdf-1178":{"cost":0.10782814550853065,"resolved":true},"diegomura__react-pdf-1280":{"cost":0.10792413545403498,"resolved":false},"diegomura__react-pdf-1285":{"cost":0.5290955597267715,"resolved":false},"diegomura__react-pdf-1306":{"cost":0.14309869108464668,"resolved":false},"diegomura__react-pdf-1341":{"cost":0.07014369277784412,"resolved":false},"diegomura__react-pdf-1363":{"cost":0.16879261976637405,"resolved":false},"diegomura__react-pdf-1541":{"cost":0.742522904215506,"resolved":false},"diegomura__react-pdf-1552":{"cost":0.12856611330386877,"resolved":false},"diegomura__react-pdf-2400":{"cost":0.20499570766306482,"resolved":true},"diegomura__react-pdf-433":{"cost":0.30239922510239187,"resolved":false},"diegomura__react-pdf-471":{"cost":0.10634990034776375,"resolved":true},"markedjs__marked-1262":{"cost":0.16618469293445293,"resolved":false},"markedjs__marked-1435":{"cost":1.1269281995674527,"resolved":false},"markedjs__marked-1535":{"cost":0.14451226301963002,"resolved":false},"markedjs__marked-1674":{"cost":0.11054538089089484,"resolved":true},"markedjs__marked-1683":{"cost":1.69617533360552,"resolved":false},"markedjs__marked-1739":{"cost":0.09562512371771124,"resolved":false},"markedjs__marked-1821":{"cost":0.1331201762871745,"resolved":false},"markedjs__marked-1825":{"cost":0.07372903722986324,"resolved":true},"markedjs__marked-1889":{"cost":1.0470054710976375,"resolved":false},"markedjs__marked-1936":{"cost":0.13676071495785863,"resolved":false},"markedjs__marked-2483":{"cost":0.19765511655548387,"resolved":false},"markedjs__marked-2627":{"cost":0.10532568762923239,"resolved":false},"markedjs__marked-2811":{"cost":0.33311192809109785,"resolved":true},"markedjs__marked-684":{"cost":0.8021597775333084,"resolved":true},"processing__p5.js-3068":{"cost":0.22408966766049324,"resolved":false},"processing__p5.js-3680":{"cost":0.18088717291877357,"resolved":true},"processing__p5.js-3709":{"cost":0.3004694072417429,"resolved":false},"processing__p5.js-3769":{"cost":0.281448279615466,"resolved":false},"processing__p5.js-4147":{"cost":0.3904869183305223,"resolved":false},"processing__p5.js-4561":{"cost":0.5736609917072208,"resolved":true},"processing__p5.js-5305":{"cost":0.42212808406711916,"resolved":false},"processing__p5.js-5555":{"cost":0.19820843859760048,"resolved":true},"processing__p5.js-5771":{"cost":0.6058722777263976,"resolved":true},"processing__p5.js-5794":{"cost":0.32508866848983325,"resolved":false},"processing__p5.js-5855":{"cost":0.6239270865700255,"resolved":false},"processing__p5.js-5915":{"cost":0.5159505166082587,"resolved":false},"processing__p5.js-5917":{"cost":0.18187910901812906,"resolved":false},"processing__p5.js-5970":{"cost":0.17657800428393572,"resolved":true},"processing__p5.js-6069":{"cost":0.11676090984344893,"resolved":true},"processing__p5.js-6111":{"cost":0.2187296490972466,"resolved":false}}
