{"00d579ea-0889-4fd9-a771-2c8d79835c8d":{"cost":0.036424559999999995,"resolved":false},"04a04a9b-226c-43fd-b319-d5e89743676f":{"cost":0.00907512,"resolved":false},"05407167-39ec-4d3a-a234-73a9120c325d":{"cost":0.00904818,"resolved":false},"076c8171-9b3b-49b9-a477-244d2a532826":{"cost":0.03496259999999999,"resolved":true},"08cae58d-4084-4616-b6dd-dd6534e4825b":{"cost":0.54786576,"resolved":false},"08f3a05f-5947-4089-a4c4-d4bcfaa6b7a0":{"cost":0.007532819999999999,"resolved":true},"0a3cd321-3e76-4622-911b-0fda2e5d6b1a":{"cost":0.04453404,"resolved":false},"0ff53813-3367-4f43-bcbd-3fd725c1bf4b":{"cost":0.00908154,"resolved":false},"114d5fd0-e2ae-4b6d-a65a-870da2d19c08":{"cost":0.0401811,"resolved":false},"14569e28-c88c-43e4-8c32-097d35b9a67d":{"cost":0.00903408,"resolved":false},"16d825ff-1623-4176-a5b5-42e0f5c2b0ac":{"cost":0.028146599999999997,"resolved":false},"17b5a6a3-bc87-42e8-b0fb-6ab0781ef2cc":{"cost":0.014064179999999999,"resolved":true},"27d5d136-8563-469e-92bf-fd103c28b57c":{"cost":0.0091635,"resolved":false},"2a649bb1-795f-4a01-b3be-9a01868dae73":{"cost":0.00914538,"resolved":false},"2b3ef98c-cc05-450b-a719-711aee40ac65":{"cost":0.007495019999999999,"resolved":false},"2d83110e-a098-4ebb-9987-066c06fa42d0":{"cost":0.009004979999999998,"resolved":false},"2dfc4c37-fec1-4518-84a7-10095d30ad75":{"cost":0.07963476,"resolved":false},"32102e3e-d12a-4209-9163-7b3a104efe5d":{"cost":0.17606448000000002,"resolved":false},"33d8ea3b-6c6b-4ff1-803d-7e270dea8a57":{"cost":0.057220799999999995,"resolved":true},"3627a8be-a77f-41bb-b807-7e1bd4c0ebdf":{"cost":0.0090312,"resolved":false},"366e2f2b-8632-4ef2-81eb-bc3877489217":{"cost":0.009060900000000002,"resolved":false},"384d0dd8-e8a4-4cfe-963c-d37f256e7662":{"cost":0.16227287999999995,"resolved":false},"389793a7-ca17-4e82-81cb-2b3a2391b4b9":{"cost":0.0097608,"resolved":false},"3cef3a44-215e-4aed-8e3b-b1e3f08063b7":{"cost":0.009262499999999998,"resolved":false},"3da89939-209c-4086-8520-7eb734e6b4ef":{"cost":0.03610061999999999,"resolved":false},"42576abe-0deb-4869-8c63-225c2d75a95a":{"cost":0.009177359999999999,"resolved":false},"46719c30-f4c3-4cad-be07-d5cb21eee6bb":{"cost":0.02645166,"resolved":false},"48eb8242-1099-4c26-95d4-ef22b002457a":{"cost":0.009014699999999999,"resolved":false},"4b650a35-8529-4695-89ed-8dc7a500a498":{"cost":0.00908844,"resolved":false},"4b6bb5f7-f634-410e-815d-e673ab7f8632":{"cost":0.060717059999999996,"resolved":false},"4fc2f1ae-8625-45b5-ab34-ad4433bc21f8":{"cost":0.16240488000000003,"resolved":false},"5188369a-3bbe-43d8-8b94-11558f909a08":{"cost":0.009014999999999999,"resolved":false},"544b7f0c-173a-4377-8d56-57b36eb26ddf":{"cost":0.029439359999999998,"resolved":true},"54612da3-fd56-4941-80f4-5eb82330de25":{"cost":0.018683880000000003,"resolved":false},"56137764-b4e0-45b8-9c52-1866420c3df5":{"cost":0.009053939999999998,"resolved":false},"56db2318-640f-477a-a82f-bc93ad13e882":{"cost":0.19459062000000002,"resolved":false},"5cfb274c-0207-4aa7-9575-6ac0bd95d9b2":{"cost":0.00909228,"resolved":false},"5d0080cb-90d7-4712-bc33-848150e917d3":{"cost":0.00447168,"resolved":true},"624cbf11-6a41-4692-af9c-36b3e5ca3130":{"cost":0.16925796,"resolved":false},"6359a0b1-8f7b-499b-9336-840f9ab90688":{"cost":0.009296999999999996,"resolved":false},"65afbc8a-89ca-4ad5-8d62-355bb401f61d":{"cost":0.12496325999999999,"resolved":false},"676e5e31-a554-4acc-9286-b60d90a92d26":{"cost":0.07727021999999997,"resolved":false},"6b078778-0b90-464d-83f6-59511c811b01":{"cost":0.00904092,"resolved":false},"6f37996b-2ac7-44b0-8e68-6d28256631b4":{"cost":0.00910476,"resolved":false},"71345b0a-9c7d-4b50-b2bf-937ec5879845":{"cost":0.0,"resolved":false},"72c06643-a2fa-4186-aa5c-9ec33ae9b445":{"cost":0.00926016,"resolved":false},"72e110e7-464c-453c-a309-90a95aed6538":{"cost":0.00899952,"resolved":false},"7619a514-5fa8-43ef-9143-83b66a43d7a4":{"cost":0.00908172,"resolved":false},"7b5377b0-3f38-4103-8ad2-90fe89864c04":{"cost":0.025923959999999996,"resolved":false},"7cc4acfa-63fd-4acc-a1a1-e8e529e0a97f":{"cost":0.03157848,"resolved":true},"7dd30055-0198-452e-8c25-f73dbe27dcb8":{"cost":0.2688303000000001,"resolved":false},"8131e2c0-0083-4265-9ce7-78c2d568425d":{"cost":0.009224819999999998,"resolved":false},"851e570a-e3de-4d84-bcfa-cc85578baa59":{"cost":null,"resolved":false},"87c610df-bef7-4932-b950-1d83ef4e282b":{"cost":0.009009599999999998,"resolved":false},"8b3379c0-0981-4f5b-8407-6444610cb212":{"cost":0.11413373999999997,"resolved":false},"8d46b8d6-b38a-47ff-ac74-cda14cf2d19b":{"cost":0.34039349999999996,"resolved":false},"8e867cd7-cff9-4e6c-867a-ff5ddc2550be":{"cost":0.011381579999999999,"resolved":false},"8f80e01c-1296-4371-9486-bb3d68651a60":{"cost":0.009480959999999998,"resolved":false},"9318445f-fe6a-4e1b-acbf-c68228c9906a":{"cost":0.009694199999999998,"resolved":false},"935e2cff-ae78-4218-b3f5-115589b19dae":{"cost":0.00905052,"resolved":false},"983bba7c-c092-455f-b6c9-7857003d48fc":{"cost":0.060643199999999994,"resolved":false},"9b54f9d9-35ee-4a14-b62f-d130ea00317f":{"cost":null,"resolved":true},"9d191bce-651d-4746-be2d-7ef8ecadb9c2":{"cost":0.005463719999999999,"resolved":true},"9f41b083-683e-4dcf-9185-ccfeaa88fa45":{"cost":0.009143459999999999,"resolved":false},"a1e91b78-d3d8-4675-bb8d-62741b4b68a6":{"cost":0.009887639999999998,"resolved":true},"a3fbeb63-0e8c-4a11-bff6-0e3b484c3e9c":{"cost":0.03464646,"resolved":false},"a7feb290-76bb-4cb7-8800-7edaf7954f2f":{"cost":0.019084739999999996,"resolved":false},"ad37a656-079a-49f9-a493-7b739c9167d1":{"cost":0.008589059999999999,"resolved":false},"b415aba4-4b68-4fc6-9b89-2c812e55a3e1":{"cost":0.01958472,"resolved":false},"b4cc024b-3f5e-480e-b96a-6656493255b5":{"cost":0.009037619999999998,"resolved":false},"b816bfce-3d80-4913-a07d-69b752ce6377":{"cost":0.00912546,"resolved":true},"b9763138-c053-4832-9f55-86200cb1f99c":{"cost":0.009256499999999999,"resolved":true},"bec74516-02fc-48dc-b202-55e78d0e17cf":{"cost":0.042300000000000004,"resolved":false},"bfcd99e1-0690-4b53-a85c-0174a8629083":{"cost":0.00912048,"resolved":false},"c526d8d6-5987-4da9-b24c-83466fa172f3":{"cost":0.024744659999999995,"resolved":false},"c61d22de-5f6c-4958-a7f6-5e9707bd3466":{"cost":0.0135147,"resolved":true},"c714ab3a-da30-4603-bacd-d008800188b9":{"cost":0.009182519999999998,"resolved":false},"c8b7e059-c60d-472e-ad64-3b04ae1166dc":{"cost":0.08228027999999998,"resolved":false},"cabe07ed-9eca-40ea-8ead-410ef5e83f91":{"cost":0.00910464,"resolved":false},"cca530fc-4052-43b2-b130-b30968d8aa44":{"cost":0.00913728,"resolved":false},"cffe0e32-c9a6-4c52-9877-78ceb4aaa9fb":{"cost":0.009077700000000001,"resolved":false},"d1af70ea-a9a4-421a-b9cc-94b5e02f1788":{"cost":0.009079199999999997,"resolved":false},"d700d50d-c707-4dca-90dc-4528cddd0c80":{"cost":0.009007739999999998,"resolved":false},"dc28cf18-6431-458b-83ef-64b3ce566c10":{"cost":0.012596099999999997,"resolved":false},"dd3c7503-f62a-4bd0-9f67-1b63b94194cc":{"cost":0.01588254,"resolved":true},"de9887f5-ead8-4727-876f-5a4078f8598c":{"cost":0.09286062,"resolved":false},"ded28325-3447-4c56-860f-e497d6fb3577":{"cost":0.009066479999999998,"resolved":false},"df6561b2-7ee5-4540-baab-5095f742716a":{"cost":0.22436160000000002,"resolved":false},"e1fc63a2-da7a-432f-be78-7c4a95598703":{"cost":0.06131513999999998,"resolved":false},"e4e91f1c-1dcd-439e-9fdd-cb976f5293fd":{"cost":0.00912258,"resolved":false},"e8cb5b03-41e0-4086-99e5-f6806cd97211":{"cost":0.0090843,"resolved":false},"e961a717-6b25-4175-8a68-874d28190ee4":{"cost":0.029900100000000002,"resolved":false},"e9a2c537-8232-4c3f-85b0-b52de6bcba99":{"cost":0.009024119999999998,"resolved":false},"ebbc1f13-d24d-40df-9068-adcf735b4240":{"cost":0.00903252,"resolved":false},"ec09fa32-d03f-4bf8-84b0-1f16922c3ae4":{"cost":0.007426979999999999,"resolved":false},"ecbc4f94-95a3-4cc7-b255-6741a458a625":{"cost":0.09501257999999999,"resolved":false},"f0f46385-fc03-4599-b5d3-f56496c3e69f":{"cost":0.05708796,"resolved":false},"f2feb6a4-363c-4c09-a804-0db564eafd68":{"cost":0.006434339999999999,"resolved":false},