{"Automattic__wp-calypso-21409":{"cost":0.5958508800000001,"resolved":false},"Automattic__wp-calypso-21492":{"cost":0.21496739999999998,"resolved":false},"Automattic__wp-calypso-21635":{"cost":0.16528607999999997,"resolved":false},"Automattic__wp-calypso-21648":{"cost":0.5727945600000002,"resolved":false},"Automattic__wp-calypso-21769":{"cost":0.2977418399999998,"resolved":false},"Automattic__wp-calypso-21964":{"cost":0.4931642999999998,"resolved":false},"Automattic__wp-calypso-21977":{"cost":0.35702688000000005,"resolved":false},"Automattic__wp-calypso-22026":{"cost":0.09464123999999997,"resolved":false},"Automattic__wp-calypso-22242":{"cost":1.2268964999999998,"resolved":false},"Automattic__wp-calypso-22621":{"cost":0.34967322,"resolved":false},"Automattic__wp-calypso-22709":{"cost":0.49268645999999977,"resolved":false},"Automattic__wp-calypso-22782":{"cost":0.22751933999999996,"resolved":false},"Automattic__wp-calypso-23017":{"cost":0.21587585999999997,"resolved":false},"Automattic__wp-calypso-23377":{"cost":0.7941008399999994,"resolved":false},"Automattic__wp-calypso-23915":{"cost":0.33942071999999995,"resolved":false},"Automattic__wp-calypso-23991":{"cost":0.34356672,"resolved":false},"Automattic__wp-calypso-25160":{"cost":0.2928985799999999,"resolved":false},"Automattic__wp-calypso-25257":{"cost":0.4849422600000002,"resolved":false},"Automattic__wp-calypso-25725":{"cost":0.7041251999999998,"resolved":false},"Automattic__wp-calypso-25778":{"cost":0.6329160600000003,"resolved":false},"Automattic__wp-calypso-26008":{"cost":0.12197681999999999,"resolved":false},"Automattic__wp-calypso-26286":{"cost":0.2258976000000001,"resolved":false},"Automattic__wp-calypso-26335":{"cost":0.2526831,"resolved":false},"Automattic__wp-calypso-26816":{"cost":1.0420665599999999,"resolved":false},"Automattic__wp-calypso-27090":{"cost":0.73893366,"resolved":false},"Automattic__wp-calypso-29804":{"cost":0.11075117999999999,"resolved":false},"Automattic__wp-calypso-30240":{"cost":0.25816589999999995,"resolved":false},"Automattic__wp-calypso-31830":{"cost":0.41201609999999994,"resolved":false},"Automattic__wp-calypso-32764":{"cost":0.56116506,"resolved":false},"Automattic__wp-calypso-33245":{"cost":0.0,"resolved":false},"Automattic__wp-calypso-33752":{"cost":0.29937678000000006,"resolved":false},"Automattic__wp-calypso-33948":{"cost":0.18910043999999998,"resolved":false},"Automattic__wp-calypso-34435":{"cost":0.44308763999999995,"resolved":false},"Automattic__wp-calypso-34519":{"cost":0.3659284199999999,"resolved":false},"Automattic__wp-calypso-34597":{"cost":0.5105511600000001,"resolved":false},"Automattic__wp-calypso-34820":{"cost":0.6408721800000003,"resolved":false},"Automattic__wp-calypso-35531":{"cost":0.43890552,"resolved":false},"chartjs__Chart.js-10157":{"cost":0.8843036400000002,"resolved":true},"chartjs__Chart.js-10301":{"cost":0.33775212000000004,"resolved":false},"chartjs__Chart.js-10806":{"cost":0.20946689999999996,"resolved":false},"chartjs__Chart.js-11116":{"cost":0.18846252,"resolved":true},"chartjs__Chart.js-11352":{"cost":0.2401899,"resolved":false},"chartjs__Chart.js-7951":{"cost":0.5684349600000002,"resolved":true},"chartjs__Chart.js-8162":{"cost":0.41047128000000005,"resolved":false},"chartjs__Chart.js-8567":{"cost":0.18186546,"resolved":false},"chartjs__Chart.js-8593":{"cost":0.34171403999999994,"resolved":false},"chartjs__Chart.js-8650":{"cost":0.5575547399999996,"resolved":false},"chartjs__Chart.js-8705":{"cost":0.3139818000000001,"resolved":false},"chartjs__Chart.js-8710":{"cost":0.10694166000000001,"resolved":false},"chartjs__Chart.js-8867":{"cost":0.5256807599999996,"resolved":null},"chartjs__Chart.js-8868":{"cost":0.49923071999999996,"resolved":false},"chartjs__Chart.js-9027":{"cost":0.60288906,"resolved":false},"chartjs__Chart.js-9101":{"cost":0.45531323999999973,"resolved":false},"chartjs__Chart.js-9199":{"cost":0.1776948,"resolved":true},"chartjs__Chart.js-9367":{"cost":0.3185748,"resolved":true},"chartjs__Chart.js-9399":{"cost":0.2836605000000001,"resolved":false},"chartjs__Chart.js-9613":{"cost":0.3740123399999999,"resolved":false},"chartjs__Chart.js-9678":{"cost":0.4292207999999999,"resolved":true},"chartjs__Chart.js-9764":{"cost":0.18066995999999996,"resolved":false},"chartjs__Chart.js-9766":{"cost":0.38149883999999984,"resolved":false},"chartjs__Chart.js-9871":{"cost":0.3474083399999999,"resolved":true},"diegomura__react-pdf-1178":{"cost":0.15932688000000006,"resolved":false},"diegomura__react-pdf-1280":{"cost":0.20783424000000006,"resolved":false},"diegomura__react-pdf-1285":{"cost":0.23070612,"resolved":false},"diegomura__react-pdf-1306":{"cost":0.10033013999999998,"resolved":false},"diegomura__react-pdf-1341":{"cost":0.11881554000000001,"resolved":false},"diegomura__react-pdf-1363":{"cost":0.43681008,"resolved":false},"diegomura__react-pdf-1541":{"cost":0.38605374000000003,"resolved":false},"diegomura__react-pdf-1552":{"cost":0.18141858,"resolved":false},"diegomura__react-pdf-2400":{"cost":0.27381929999999993,"resolved":false},"diegomura__react-pdf-433":{"cost":0.24518244,"resolved":false},"diegomura__react-pdf-471":{"cost":0.28749179999999996,"resolved":false},"markedjs__marked-1262":{"cost":0.24802355999999998,"resolved":false},"markedjs__marked-1435":{"cost":0.10364825999999998,"resolved":false},"markedjs__marked-1535":{"cost":0.31410797999999995,"resolved":false},"markedjs__marked-1674":{"cost":0.24230118,"resolved":true},"markedjs__marked-1683":{"cost":0.43690872000000003,"resolved":false},"markedjs__marked-1739":{"cost":0.4323641999999998,"resolved":false},"markedjs__marked-1821":{"cost":0.1886257199999999,"resolved":false},"markedjs__marked-1825":{"cost":0.27942131999999986,"resolved":false},"markedjs__marked-1889":{"cost":0.14276478000000004,"resolved":false},"markedjs__marked-1936":{"cost":0.41969172000000005,"resolved":false},"markedjs__marked-2483":{"cost":0.7987440599999998,"resolved":false},"markedjs__marked-2627":{"cost":0.18103769999999997,"resolved":false},"markedjs__marked-2811":{"cost":1.1547410399999993,"resolved":true},"markedjs__marked-684":{"cost":0.8857714200000001,"resolved":false},"processing__p5.js-3068":{"cost":0.22493435999999997,"resolved":true},"processing__p5.js-3680":{"cost":0.47890116,"resolved":true},"processing__p5.js-3709":{"cost":0.49154675999999997,"resolved":false},"processing__p5.js-3769":{"cost":0.6169240199999998,"resolved":false},"processing__p5.js-4147":{"cost":0.4857533399999998,"resolved":false},"processing__p5.js-4561":{"cost":0.5502790799999997,"resolved":true},"processing__p5.js-5305":{"cost":0.43120499999999984,"resolved":false},"processing__p5.js-5555":{"cost":0.11771459999999999,"resolved":true},"processing__p5.js-5771":{"cost":0.8947683000000001,"resolved":true},"processing__p5.js-5794":{"cost":0.21725501999999997,"resolved":false},"processing__p5.js-5855":{"cost":0.20513976000000003,"resolved":false},"processing__p5.js-5915":{"cost":0.7317594000000001,"resolved":false},"processing__p5.js-5917":{"cost":0.15241782000000006,"resolved":false},"processing__p5.js-5970":{"cost":0.29915273999999986,"resolved":true},"processing__p5.js-6069":{"cost":0.12915299999999996,"resolved":true},"processing__p5.js-6111":{"cost":0.21649871999999992,"resolved":false}}
