{"Automattic__wp-calypso-21409":{"cost":1.5786964,"resolved":false},"Automattic__wp-calypso-21492":{"cost":1.7782348999999997,"resolved":false},"Automattic__wp-calypso-21635":{"cost":1.6587213000000007,"resolved":false},"Automattic__wp-calypso-21648":{"cost":0.8408727,"resolved":false},"Automattic__wp-calypso-21769":{"cost":1.9449238999999996,"resolved":false},"Automattic__wp-calypso-21964":{"cost":2.2523730000000004,"resolved":false},"Automattic__wp-calypso-21977":{"cost":1.8212437999999995,"resolved":false},"Automattic__wp-calypso-22026":{"cost":0.9912813,"resolved":false},"Automattic__wp-calypso-22242":{"cost":0.9608478999999999,"resolved":true},"Automattic__wp-calypso-22621":{"cost":2.7290878999999992,"resolved":false},"Automattic__wp-calypso-22709":{"cost":1.6689122000000003,"resolved":false},"Automattic__wp-calypso-22782":{"cost":0.9773839,"resolved":false},"Automattic__wp-calypso-23017":{"cost":1.3906379000000004,"resolved":false},"Automattic__wp-calypso-23377":{"cost":1.5645816999999995,"resolved":false},"Automattic__wp-calypso-23915":{"cost":2.9379305000000002,"resolved":false},"Automattic__wp-calypso-23991":{"cost":1.6242520999999996,"resolved":false},"Automattic__wp-calypso-25160":{"cost":3.213906200000001,"resolved":false},"Automattic__wp-calypso-25257":{"cost":2.8765313000000003,"resolved":false},"Automattic__wp-calypso-25725":{"cost":2.8433168,"resolved":false},"Automattic__wp-calypso-25778":{"cost":3.7074890999999996,"resolved":false},"Automattic__wp-calypso-26008":{"cost":1.6847301000000003,"resolved":false},"Automattic__wp-calypso-26286":{"cost":1.2596127000000001,"resolved":false},"Automattic__wp-calypso-26335":{"cost":1.8750545,"resolved":false},"Automattic__wp-calypso-26816":{"cost":4.7239697000000005,"resolved":false},"Automattic__wp-calypso-27090":{"cost":4.2106444,"resolved":false},"Automattic__wp-calypso-29804":{"cost":0.9985743999999998,"resolved":false},"Automattic__wp-calypso-30240":{"cost":1.6396971000000005,"resolved":false},"Automattic__wp-calypso-31830":{"cost":4.5220408,"resolved":false},"Automattic__wp-calypso-32764":{"cost":1.6889598000000001,"resolved":false},"Automattic__wp-calypso-33245":{"cost":1.7847032,"resolved":false},"Automattic__wp-calypso-33752":{"cost":1.8278273000000005,"resolved":true},"Automattic__wp-calypso-33948":{"cost":3.0846882,"resolved":false},"Automattic__wp-calypso-34435":{"cost":3.0054045999999994,"resolved":false},"Automattic__wp-calypso-34519":{"cost":1.2852645,"resolved":false},"Automattic__wp-calypso-34597":{"cost":3.0777813,"resolved":false},"Automattic__wp-calypso-34820":{"cost":4.456242700000001,"resolved":false},"Automattic__wp-calypso-35531":{"cost":1.3909273000000002,"resolved":false},"chartjs__Chart.js-10157":{"cost":1.9151636,"resolved":false},"chartjs__Chart.js-10301":{"cost":1.5058672,"resolved":true},"chartjs__Chart.js-10806":{"cost":1.4250417000000002,"resolved":false},"chartjs__Chart.js-11116":{"cost":2.5663904,"resolved":true},"chartjs__Chart.js-11352":{"cost":1.8156073000000001,"resolved":false},"chartjs__Chart.js-7951":{"cost":1.8665584999999996,"resolved":false},"chartjs__Chart.js-8162":{"cost":3.1778394000000003,"resolved":false},"chartjs__Chart.js-8567":{"cost":2.1130666000000002,"resolved":true},"chartjs__Chart.js-8593":{"cost":1.5818148999999997,"resolved":false},"chartjs__Chart.js-8650":{"cost":1.9621817000000001,"resolved":false},"chartjs__Chart.js-8705":{"cost":1.8622469,"resolved":true},"chartjs__Chart.js-8710":{"cost":1.9775647000000003,"resolved":false},"chartjs__Chart.js-8867":{"cost":1.9934380000000003,"resolved":false},"chartjs__Chart.js-8868":{"cost":1.9957834999999997,"resolved":false},"chartjs__Chart.js-9027":{"cost":2.2753587000000004,"resolved":true},"chartjs__Chart.js-9101":{"cost":3.140166499999999,"resolved":true},"chartjs__Chart.js-9199":{"cost":1.5577749,"resolved":false},"chartjs__Chart.js-9367":{"cost":1.8921565,"resolved":false},"chartjs__Chart.js-9399":{"cost":2.6145376000000002,"resolved":false},"chartjs__Chart.js-9613":{"cost":2.2602317,"resolved":false},"chartjs__Chart.js-9678":{"cost":1.8848484000000003,"resolved":false},"chartjs__Chart.js-9764":{"cost":3.0698673,"resolved":false},"chartjs__Chart.js-9766":{"cost":3.2079228000000004,"resolved":false},"chartjs__Chart.js-9871":{"cost":2.2123671,"resolved":false},"diegomura__react-pdf-1178":{"cost":1.4014980000000001,"resolved":true},"diegomura__react-pdf-1280":{"cost":1.7138407999999996,"resolved":true},"diegomura__react-pdf-1285":{"cost":2.6081075000000005,"resolved":false},"diegomura__react-pdf-1306":{"cost":0.9013591999999999,"resolved":false},"diegomura__react-pdf-1341":{"cost":0.648884,"resolved":true},"diegomura__react-pdf-1363":{"cost":2.6349122000000005,"resolved":false},"diegomura__react-pdf-1541":{"cost":2.6423624,"resolved":false},"diegomura__react-pdf-1552":{"cost":1.3172479999999998,"resolved":false},"diegomura__react-pdf-2400":{"cost":3.2610624999999995,"resolved":false},"diegomura__react-pdf-433":{"cost":1.0146685,"resolved":false},"diegomura__react-pdf-471":{"cost":5.094340199999999,"resolved":false},"markedjs__marked-1262":{"cost":3.5474352999999996,"resolved":false},"markedjs__marked-1435":{"cost":2.887437799999999,"resolved":false},"markedjs__marked-1535":{"cost":1.4381981000000001,"resolved":false},"markedjs__marked-1674":{"cost":0.7239808999999999,"resolved":true},"markedjs__marked-1683":{"cost":2.5080184,"resolved":true},"markedjs__marked-1739":{"cost":1.5658309999999993,"resolved":false},"markedjs__marked-1821":{"cost":0.9130666999999998,"resolved":false},"markedjs__marked-1825":{"cost":0.8572806,"resolved":true},"markedjs__marked-1889":{"cost":4.947895399999999,"resolved":false},"markedjs__marked-1936":{"cost":1.4758327,"resolved":false},"markedjs__marked-2483":{"cost":1.8700432,"resolved":false},"markedjs__marked-2627":{"cost":3.4302345000000005,"resolved":false},"markedjs__marked-2811":{"cost":1.0695387,"resolved":true},"markedjs__marked-684":{"cost":1.5603401,"resolved":true},"processing__p5.js-3068":{"cost":1.4707174999999995,"resolved":false},"processing__p5.js-3680":{"cost":2.3120261,"resolved":true},"processing__p5.js-3709":{"cost":2.145337000000001,"resolved":false},"processing__p5.js-3769":{"cost":1.1579399999999997,"resolved":false},"processing__p5.js-4147":{"cost":2.8677294999999985,"resolved":false},"processing__p5.js-4561":{"cost":2.6079767000000005,"resolved":true},"processing__p5.js-5305":{"cost":2.648052,"resolved":false},"processing__p5.js-5555":{"cost":1.6036829999999997,"resolved":true},"processing__p5.js-5771":{"cost":1.5686338999999996,"resolved":false},"processing__p5.js-5794":{"cost":1.1915865999999997,"resolved":false},"processing__p5.js-5855":{"cost":1.6118618999999996,"resolved":false},"processing__p5.js-5915":{"cost":1.8631251,"resolved":true},"processing__p5.js-5917":{"cost":2.5459109000000004,"resolved":false},"processing__p5.js-5970":{"cost":1.4928167,"resolved":true},"processing__p5.js-6069":{"cost":1.5741939,"resolved":true},"processing__p5.js-6111":{"cost":2.2669287000000002,"resolved":false}}
