{"babel":{"cost":45.9400745,"resolved":false},"cachetools":{"cost":1.7188850000000002,"resolved":true},"chardet":{"cost":10.538748999999997,"resolved":false},"cookiecutter":{"cost":8.167087500000001,"resolved":false},"deprecated":{"cost":1.3224704999999999,"resolved":true},"imapclient":{"cost":14.716598499999996,"resolved":true},"jinja":{"cost":47.388359500000014,"resolved":true},"marshmallow":{"cost":16.463969000000006,"resolved":true},"minitorch":{"cost":16.149899500000004,"resolved":true},"parsel":{"cost":6.2152385,"resolved":false},"portalocker":{"cost":5.125446999999999,"resolved":true},"pyjwt":{"cost":6.170790000000002,"resolved":false},"simpy":{"cost":4.3009805000000005,"resolved":true},"tinydb":{"cost":4.0557135,"resolved":true},"voluptuous":{"cost":9.677082,"resolved":true},"wcwidth":{"cost":1.9174824999999995,"resolved":false}}
