{"Automattic__wp-calypso-21648":{"cost":2.4531570000000005,"resolved":false},"Automattic__wp-calypso-21769":{"cost":10.303323500000001,"resolved":false},"Automattic__wp-calypso-21964":{"cost":8.572239999999999,"resolved":true},"Automattic__wp-calypso-22242":{"cost":6.894516500000002,"resolved":false},"Automattic__wp-calypso-22621":{"cost":12.098229499999992,"resolved":true},"Automattic__wp-calypso-22709":{"cost":6.399904,"resolved":true},"Automattic__wp-calypso-22782":{"cost":4.6451815000000005,"resolved":false},"Automattic__wp-calypso-23377":{"cost":13.647821499999997,"resolved":false},"Automattic__wp-calypso-23915":{"cost":3.4369629999999995,"resolved":true},"Automattic__wp-calypso-23991":{"cost":10.652596500000003,"resolved":false},"Automattic__wp-calypso-25160":{"cost":9.386115000000004,"resolved":false},"Automattic__wp-calypso-25257":{"cost":4.763821000000001,"resolved":false},"Automattic__wp-calypso-25725":{"cost":13.200168500000002,"resolved":false},"Automattic__wp-calypso-25778":{"cost":12.3099005,"resolved":false},"Automattic__wp-calypso-26286":{"cost":2.4375189999999995,"resolved":true},"Automattic__wp-calypso-26335":{"cost":15.766814000000004,"resolved":false},"Automattic__wp-calypso-27090":{"cost":9.3211815,"resolved":false},"Automattic__wp-calypso-33752":{"cost":6.710794500000002,"resolved":true},"Automattic__wp-calypso-34435":{"cost":13.016028000000004,"resolved":true},"Automattic__wp-calypso-34597":{"cost":10.427279500000003,"resolved":true},"Automattic__wp-calypso-35531":{"cost":3.0677479999999995,"resolved":false},"chartjs__Chart.js-10301":{"cost":3.5816485,"resolved":true},"chartjs__Chart.js-11116":{"cost":3.795313499999999,"resolved":true},"chartjs__Chart.js-8162":{"cost":4.516732500000001,"resolved":true},"chartjs__Chart.js-8567":{"cost":6.2491005,"resolved":true},"chartjs__Chart.js-8650":{"cost":26.672033,"resolved":true},"chartjs__Chart.js-8705":{"cost":2.754198,"resolved":true},"chartjs__Chart.js-8710":{"cost":3.1596120000000005,"resolved":true},"chartjs__Chart.js-8868":{"cost":13.009415000000004,"resolved":true},"chartjs__Chart.js-9027":{"cost":3.794917499999998,"resolved":true},"chartjs__Chart.js-9101":{"cost":4.832581499999999,"resolved":true},"chartjs__Chart.js-9199":{"cost":11.530119500000001,"resolved":true},"chartjs__Chart.js-9367":{"cost":4.992750999999999,"resolved":true},"chartjs__Chart.js-9399":{"cost":17.064383,"resolved":false},"chartjs__Chart.js-9678":{"cost":12.203627,"resolved":true},"chartjs__Chart.js-9766":{"cost":4.793703,"resolved":true},"chartjs__Chart.js-9871":{"cost":3.678724000000001,"resolved":false},"diegomura__react-pdf-1178":{"cost":3.6274414999999993,"resolved":true},"diegomura__react-pdf-1280":{"cost":3.5406345,"resolved":true},"diegomura__react-pdf-1306":{"cost":2.9148979999999995,"resolved":false},"diegomura__react-pdf-1341":{"cost":2.1708615,"resolved":true},"diegomura__react-pdf-1363":{"cost":5.127172000000001,"resolved":true},"diegomura__react-pdf-1541":{"cost":8.9144475,"resolved":true},"diegomura__react-pdf-1552":{"cost":3.273472,"resolved":false},"diegomura__react-pdf-471":{"cost":3.4570694999999994,"resolved":true},"markedjs__marked-1262":{"cost":1.9211135000000001,"resolved":true},"markedjs__marked-1435":{"cost":3.2699160000000003,"resolved":true},"markedjs__marked-1535":{"cost":2.2721545,"resolved":true},"markedjs__marked-1674":{"cost":1.6455004999999998,"resolved":true},"markedjs__marked-1683":{"cost":3.4018645000000003,"resolved":true},"markedjs__marked-1739":{"cost":3.107912,"resolved":true},"markedjs__marked-1821":{"cost":2.9609684999999994,"resolved":true},"markedjs__marked-1825":{"cost":1.5674139999999996,"resolved":true},"markedjs__marked-1889":{"cost":3.453651,"resolved":false},"markedjs__marked-1936":{"cost":4.479655500000002,"resolved":true},"markedjs__marked-2483":{"cost":2.1501945,"resolved":true},"markedjs__marked-2627":{"cost":2.7554645,"resolved":true},"markedjs__marked-2811":{"cost":4.8597025,"resolved":true},"markedjs__marked-684":{"cost":0.0017560000000000002,"resolved":false},"processing__p5.js-3068":{"cost":2.274986,"resolved":true},"processing__p5.js-3680":{"cost":5.7902125,"resolved":true},"processing__p5.js-4561":{"cost":13.947708499999997,"resolved":true},"processing__p5.js-5305":{"cost":14.983117,"resolved":false},"processing__p5.js-5555":{"cost":7.778294,"resolved":true},"processing__p5.js-5771":{"cost":5.502405,"resolved":true},"processing__p5.js-5915":{"cost":11.384323999999996,"resolved":true},"processing__p5.js-5970":{"cost":5.771787999999998,"resolved":true},"processing__p5.js-6069":{"cost":3.2943945,"resolved":true}}
