{"babel":{"cost":6.123404500000004,"resolved":false},"cachetools":{"cost":0.643536,"resolved":true},"chardet":{"cost":2.5700730000000003,"resolved":false},"cookiecutter":{"cost":7.726787999999999,"resolved":false},"deprecated":{"cost":0.6252639999999999,"resolved":true},"imapclient":{"cost":4.421212,"resolved":true},"jinja":{"cost":5.445426999999999,"resolved":false},"marshmallow":{"cost":13.0725395,"resolved":true},"minitorch":{"cost":3.3676324999999996,"resolved":true},"parsel":{"cost":4.319847499999999,"resolved":false},"portalocker":{"cost":1.8783200000000004,"resolved":true},"pyjwt":{"cost":3.720999000000001,"resolved":false},"simpy":{"cost":3.7254404999999995,"resolved":true},"tinydb":{"cost":2.0777444999999997,"resolved":true},"voluptuous":{"cost":4.0516065,"resolved":true},"wcwidth":{"cost":0.8527040000000001,"resolved":false}}
