{"Automattic__wp-calypso-21648":{"cost":1.5772900000000003,"resolved":false},"Automattic__wp-calypso-21769":{"cost":2.9053635,"resolved":false},"Automattic__wp-calypso-21964":{"cost":2.354994000000001,"resolved":false},"Automattic__wp-calypso-22242":{"cost":1.2140900000000003,"resolved":true},"Automattic__wp-calypso-22621":{"cost":6.262053999999999,"resolved":false},"Automattic__wp-calypso-22709":{"cost":4.012764499999999,"resolved":true},"Automattic__wp-calypso-22782":{"cost":1.2070755,"resolved":false},"Automattic__wp-calypso-23377":{"cost":2.2834585,"resolved":false},"Automattic__wp-calypso-23915":{"cost":2.5240854999999995,"resolved":false},"Automattic__wp-calypso-23991":{"cost":1.0867204999999998,"resolved":false},"Automattic__wp-calypso-25160":{"cost":1.8503904999999998,"resolved":false},"Automattic__wp-calypso-25257":{"cost":2.352332000000001,"resolved":false},"Automattic__wp-calypso-25725":{"cost":3.3690785,"resolved":false},"Automattic__wp-calypso-25778":{"cost":3.1366545000000006,"resolved":false},"Automattic__wp-calypso-26286":{"cost":1.1554445,"resolved":false},"Automattic__wp-calypso-26335":{"cost":1.120983,"resolved":false},"Automattic__wp-calypso-27090":{"cost":3.034917499999999,"resolved":false},"Automattic__wp-calypso-33752":{"cost":1.4777304999999998,"resolved":false},"Automattic__wp-calypso-34435":{"cost":2.553758,"resolved":false},"Automattic__wp-calypso-34597":{"cost":1.7653670000000001,"resolved":false},"Automattic__wp-calypso-35531":{"cost":2.2807385,"resolved":false},"chartjs__Chart.js-10301":{"cost":2.0767245000000005,"resolved":true},"chartjs__Chart.js-11116":{"cost":1.9533415,"resolved":true},"chartjs__Chart.js-8162":{"cost":2.0163560000000005,"resolved":true},"chartjs__Chart.js-8567":{"cost":2.8229109999999995,"resolved":false},"chartjs__Chart.js-8650":{"cost":2.831725,"resolved":false},"chartjs__Chart.js-8705":{"cost":1.0671965,"resolved":true},"chartjs__Chart.js-8710":{"cost":1.4462355,"resolved":false},"chartjs__Chart.js-8868":{"cost":2.639859,"resolved":true},"chartjs__Chart.js-9027":{"cost":1.5166625,"resolved":true},"chartjs__Chart.js-9101":{"cost":1.7075035,"resolved":true},"chartjs__Chart.js-9199":{"cost":2.1653255000000007,"resolved":false},"chartjs__Chart.js-9367":{"cost":1.6448755000000002,"resolved":true},"chartjs__Chart.js-9399":{"cost":3.8149640000000002,"resolved":false},"chartjs__Chart.js-9678":{"cost":3.801761500000001,"resolved":false},"chartjs__Chart.js-9766":{"cost":2.6403120000000007,"resolved":true},"chartjs__Chart.js-9871":{"cost":1.7016670000000003,"resolved":false},"diegomura__react-pdf-1178":{"cost":1.9716359999999997,"resolved":true},"diegomura__react-pdf-1280":{"cost":1.2427485,"resolved":false},"diegomura__react-pdf-1306":{"cost":0.799592,"resolved":false},"diegomura__react-pdf-1341":{"cost":0.6024104999999998,"resolved":false},"diegomura__react-pdf-1363":{"cost":2.3659149999999993,"resolved":false},"diegomura__react-pdf-1541":{"cost":1.1687560000000001,"resolved":true},"diegomura__react-pdf-1552":{"cost":1.136088,"resolved":false},"diegomura__react-pdf-471":{"cost":0.9819325000000002,"resolved":true},"markedjs__marked-1262":{"cost":0.648326,"resolved":false},"markedjs__marked-1435":{"cost":1.11158,"resolved":true},"markedjs__marked-1535":{"cost":0.6272079999999998,"resolved":false},"markedjs__marked-1674":{"cost":1.0933015000000001,"resolved":true},"markedjs__marked-1683":{"cost":0.8012755,"resolved":true},"markedjs__marked-1739":{"cost":0.8666380000000001,"resolved":false},"markedjs__marked-1821":{"cost":0.776194,"resolved":false},"markedjs__marked-1825":{"cost":0.8726110000000001,"resolved":true},"markedjs__marked-1889":{"cost":1.7826484999999999,"resolved":false},"markedjs__marked-1936":{"cost":0.8077465000000003,"resolved":false},"markedjs__marked-2483":{"cost":1.4558,"resolved":false},"markedjs__marked-2627":{"cost":1.6470194999999996,"resolved":false},"markedjs__marked-2811":{"cost":1.4771380000000003,"resolved":false},"markedjs__marked-684":{"cost":1.1812754999999997,"resolved":true},"processing__p5.js-3068":{"cost":1.2139624999999998,"resolved":false},"processing__p5.js-3680":{"cost":2.6483785,"resolved":true},"processing__p5.js-4561":{"cost":3.2678914999999997,"resolved":true},"processing__p5.js-5305":{"cost":3.537098500000002,"resolved":false},"processing__p5.js-5555":{"cost":2.7632860000000004,"resolved":false},"processing__p5.js-5771":{"cost":2.3918805,"resolved":true},"processing__p5.js-5915":{"cost":2.8395104999999994,"resolved":true},"processing__p5.js-5970":{"cost":1.3043785,"resolved":true},"processing__p5.js-6069":{"cost":1.2537199999999997,"resolved":true}}
