{"Automattic__wp-calypso-21648":{"cost":2.012050499999999,"resolved":false},"Automattic__wp-calypso-21769":{"cost":0.7199876399999999,"resolved":false},"Automattic__wp-calypso-21964":{"cost":0.9314278499999998,"resolved":false},"Automattic__wp-calypso-22242":{"cost":0.48149870000000006,"resolved":true},"Automattic__wp-calypso-22621":{"cost":0.6679003200000003,"resolved":false},"Automattic__wp-calypso-22709":{"cost":0.67550951,"resolved":false},"Automattic__wp-calypso-22782":{"cost":0.7253509699999999,"resolved":false},"Automattic__wp-calypso-23377":{"cost":2.1050746499999993,"resolved":false},"Automattic__wp-calypso-23915":{"cost":0.66752167,"resolved":false},"Automattic__wp-calypso-23991":{"cost":0.56730118,"resolved":false},"Automattic__wp-calypso-25160":{"cost":0.7994447300000004,"resolved":false},"Automattic__wp-calypso-25257":{"cost":1.6144846799999992,"resolved":false},"Automattic__wp-calypso-25725":{"cost":1.228069899999999,"resolved":false},"Automattic__wp-calypso-25778":{"cost":0.9382179700000001,"resolved":false},"Automattic__wp-calypso-26286":{"cost":1.0657065200000002,"resolved":false},"Automattic__wp-calypso-26335":{"cost":1.387084850000001,"resolved":false},"Automattic__wp-calypso-27090":{"cost":0.8932076299999999,"resolved":false},"Automattic__wp-calypso-33752":{"cost":0.9111764700000001,"resolved":false},"Automattic__wp-calypso-34435":{"cost":1.2048277500000004,"resolved":false},"Automattic__wp-calypso-34597":{"cost":1.1137608399999999,"resolved":false},"Automattic__wp-calypso-35531":{"cost":0.7643711599999998,"resolved":false},"chartjs__Chart.js-10301":{"cost":0.9850920000000001,"resolved":true},"chartjs__Chart.js-11116":{"cost":0.63528189,"resolved":false},"chartjs__Chart.js-8162":{"cost":1.7374118499999998,"resolved":false},"chartjs__Chart.js-8567":{"cost":0.9834270399999998,"resolved":false},"chartjs__Chart.js-8650":{"cost":2.9370437400000022,"resolved":false},"chartjs__Chart.js-8705":{"cost":1.785417810000001,"resolved":false},"chartjs__Chart.js-8710":{"cost":0.53532526,"resolved":false},"chartjs__Chart.js-8868":{"cost":0.53912334,"resolved":false},"chartjs__Chart.js-9027":{"cost":1.0791674299999992,"resolved":true},"chartjs__Chart.js-9101":{"cost":0.4586461100000003,"resolved":false},"chartjs__Chart.js-9199":{"cost":1.0028264099999997,"resolved":false},"chartjs__Chart.js-9367":{"cost":0.58798131,"resolved":false},"chartjs__Chart.js-9399":{"cost":0.49255661000000006,"resolved":false},"chartjs__Chart.js-9678":{"cost":1.1054751199999997,"resolved":false},"chartjs__Chart.js-9766":{"cost":5.22650777,"resolved":false},"chartjs__Chart.js-9871":{"cost":0.8799531199999996,"resolved":false},"diegomura__react-pdf-1178":{"cost":0.6215224399999998,"resolved":true},"diegomura__react-pdf-1280":{"cost":0.7748143999999997,"resolved":false},"diegomura__react-pdf-1306":{"cost":1.2328592199999993,"resolved":false},"diegomura__react-pdf-1341":{"cost":0.47695423,"resolved":true},"diegomura__react-pdf-1363":{"cost":0.7402060300000002,"resolved":false},"diegomura__react-pdf-1541":{"cost":1.5930436699999988,"resolved":true},"diegomura__react-pdf-1552":{"cost":0.9545775099999999,"resolved":false},"diegomura__react-pdf-471":{"cost":2.7466299799999994,"resolved":false},"markedjs__marked-1262":{"cost":0.8542688199999997,"resolved":false},"markedjs__marked-1435":{"cost":3.3299244800000034,"resolved":true},"markedjs__marked-1535":{"cost":0.5783096200000001,"resolved":false},"markedjs__marked-1674":{"cost":0.4683887200000002,"resolved":true},"markedjs__marked-1683":{"cost":1.1791776500000002,"resolved":false},"markedjs__marked-1739":{"cost":0.56299949,"resolved":false},"markedjs__marked-1821":{"cost":0.8215284800000001,"resolved":false},"markedjs__marked-1825":{"cost":0.31944361000000004,"resolved":true},"markedjs__marked-1889":{"cost":1.8999325000000005,"resolved":false},"markedjs__marked-1936":{"cost":1.2759377699999999,"resolved":false},"markedjs__marked-2483":{"cost":1.6377695700000003,"resolved":false},"markedjs__marked-2627":{"cost":null,"resolved":false},"markedjs__marked-2811":{"cost":0.71631858,"resolved":true},"markedjs__marked-684":{"cost":0.6105306199999999,"resolved":false},"processing__p5.js-3068":{"cost":0.24650295000000003,"resolved":true},"processing__p5.js-3680":{"cost":0.5148149999999998,"resolved":true},"processing__p5.js-4561":{"cost":1.25097077,"resolved":true},"processing__p5.js-5305":{"cost":1.5009629800000004,"resolved":false},"processing__p5.js-5555":{"cost":0.23024149999999993,"resolved":true},"processing__p5.js-5771":{"cost":0.92183707,"resolved":null},"processing__p5.js-5915":{"cost":null,"resolved":true},"processing__p5.js-5970":{"cost":0.5204236100000001,"resolved":true},"processing__p5.js-6069":{"cost":0.6282317900000001,"resolved":true}}
