{"Automattic__wp-calypso-21409":{"cost":1.9877326499999997,"resolved":false},"Automattic__wp-calypso-21492":{"cost":2.0647637999999997,"resolved":false},"Automattic__wp-calypso-21635":{"cost":2.213619149999999,"resolved":null},"Automattic__wp-calypso-21648":{"cost":1.6828577999999994,"resolved":false},"Automattic__wp-calypso-21769":{"cost":1.21979475,"resolved":false},"Automattic__wp-calypso-21964":{"cost":1.9544175000000004,"resolved":true},"Automattic__wp-calypso-21977":{"cost":2.91301335,"resolved":false},"Automattic__wp-calypso-22026":{"cost":1.9542981000000004,"resolved":false},"Automattic__wp-calypso-22242":{"cost":2.2407866999999997,"resolved":true},"Automattic__wp-calypso-22621":{"cost":2.1573178499999988,"resolved":false},"Automattic__wp-calypso-22709":{"cost":1.4285692500000002,"resolved":false},"Automattic__wp-calypso-22782":{"cost":2.57549415,"resolved":false},"Automattic__wp-calypso-23017":{"cost":3.176538899999999,"resolved":false},"Automattic__wp-calypso-23377":{"cost":2.0604059999999995,"resolved":false},"Automattic__wp-calypso-23915":{"cost":3.2332171500000007,"resolved":false},"Automattic__wp-calypso-23991":{"cost":2.61406845,"resolved":false},"Automattic__wp-calypso-25160":{"cost":1.66444755,"resolved":false},"Automattic__wp-calypso-25257":{"cost":2.32113225,"resolved":false},"Automattic__wp-calypso-25725":{"cost":3.9984715500000005,"resolved":false},"Automattic__wp-calypso-25778":{"cost":2.96987475,"resolved":false},"Automattic__wp-calypso-26008":{"cost":null,"resolved":false},"Automattic__wp-calypso-26286":{"cost":1.9046502000000003,"resolved":false},"Automattic__wp-calypso-26335":{"cost":1.9200922500000004,"resolved":false},"Automattic__wp-calypso-26816":{"cost":2.711172,"resolved":false},"Automattic__wp-calypso-27090":{"cost":2.48274015,"resolved":false},"Automattic__wp-calypso-29804":{"cost":1.8992643000000002,"resolved":false},"Automattic__wp-calypso-30240":{"cost":4.1006874,"resolved":false},"Automattic__wp-calypso-31830":{"cost":1.6918893,"resolved":false},"Automattic__wp-calypso-32764":{"cost":2.4729828000000005,"resolved":false},"Automattic__wp-calypso-33245":{"cost":1.8952363499999991,"resolved":false},"Automattic__wp-calypso-33752":{"cost":1.9243065000000001,"resolved":true},"Automattic__wp-calypso-33948":{"cost":2.0401432500000007,"resolved":false},"Automattic__wp-calypso-34435":{"cost":2.220242400000001,"resolved":false},"Automattic__wp-calypso-34519":{"cost":2.61367125,"resolved":false},"Automattic__wp-calypso-34597":{"cost":1.7657029499999994,"resolved":false},"Automattic__wp-calypso-34820":{"cost":1.60620135,"resolved":false},"Automattic__wp-calypso-35531":{"cost":2.5286018999999995,"resolved":false},"chartjs__Chart.js-10157":{"cost":16.462476600000006,"resolved":false},"chartjs__Chart.js-10301":{"cost":2.80918245,"resolved":true},"chartjs__Chart.js-10806":{"cost":6.063089999999997,"resolved":false},"chartjs__Chart.js-11116":{"cost":3.3648664500000005,"resolved":true},"chartjs__Chart.js-11352":{"cost":3.2561434499999997,"resolved":false},"chartjs__Chart.js-7951":{"cost":2.0773495499999997,"resolved":false},"chartjs__Chart.js-8162":{"cost":3.546654899999999,"resolved":false},"chartjs__Chart.js-8567":{"cost":2.39957355,"resolved":true},"chartjs__Chart.js-8593":{"cost":3.6101067,"resolved":false},"chartjs__Chart.js-8650":{"cost":2.7489308999999995,"resolved":false},"chartjs__Chart.js-8705":{"cost":3.1013203499999995,"resolved":true},"chartjs__Chart.js-8710":{"cost":2.3465806500000004,"resolved":false},"chartjs__Chart.js-8867":{"cost":2.1080516999999994,"resolved":false},"chartjs__Chart.js-8868":{"cost":3.220430999999999,"resolved":false},"chartjs__Chart.js-9027":{"cost":1.3661331000000003,"resolved":true},"chartjs__Chart.js-9101":{"cost":3.7156615500000005,"resolved":false},"chartjs__Chart.js-9199":{"cost":3.8515003500000002,"resolved":false},"chartjs__Chart.js-9367":{"cost":1.7311855500000002,"resolved":false},"chartjs__Chart.js-9399":{"cost":2.697778800000001,"resolved":false},"chartjs__Chart.js-9613":{"cost":1.7663685,"resolved":false},"chartjs__Chart.js-9678":{"cost":2.0742857999999997,"resolved":false},"chartjs__Chart.js-9764":{"cost":3.1599885,"resolved":false},"chartjs__Chart.js-9766":{"cost":7.493885400000002,"resolved":true},"chartjs__Chart.js-9871":{"cost":1.3368878999999998,"resolved":false},"diegomura__react-pdf-1178":{"cost":2.8504665000000005,"resolved":true},"diegomura__react-pdf-1280":{"cost":1.68353295,"resolved":true},"diegomura__react-pdf-1285":{"cost":2.87832255,"resolved":false},"diegomura__react-pdf-1306":{"cost":1.2596988000000002,"resolved":false},"diegomura__react-pdf-1341":{"cost":1.3021102499999997,"resolved":false},"diegomura__react-pdf-1363":{"cost":3.3129790499999996,"resolved":true},"diegomura__react-pdf-1541":{"cost":2.9723696999999993,"resolved":true},"diegomura__react-pdf-1552":{"cost":1.3363243499999997,"resolved":false},"diegomura__react-pdf-2400":{"cost":2.03197605,"resolved":false},"diegomura__react-pdf-433":{"cost":2.1574809000000004,"resolved":false},"diegomura__react-pdf-471":{"cost":2.3068534499999993,"resolved":true},"markedjs__marked-1262":{"cost":2.8358797499999997,"resolved":false},"markedjs__marked-1435":{"cost":3.3893552999999983,"resolved":false},"markedjs__marked-1535":{"cost":2.104687799999999,"resolved":false},"markedjs__marked-1674":{"cost":1.4427512999999996,"resolved":true},"markedjs__marked-1683":{"cost":3.0929407499999995,"resolved":true},"markedjs__marked-1739":{"cost":1.9745786999999995,"resolved":false},"markedjs__marked-1821":{"cost":1.5893188500000002,"resolved":false},"markedjs__marked-1825":{"cost":1.5854234999999997,"resolved":true},"markedjs__marked-1889":{"cost":2.3454048000000003,"resolved":false},"markedjs__marked-1936":{"cost":1.1433982499999997,"resolved":false},"markedjs__marked-2483":{"cost":2.4180154499999995,"resolved":false},"markedjs__marked-2627":{"cost":2.7595662,"resolved":true},"markedjs__marked-2811":{"cost":2.3312331,"resolved":true},"markedjs__marked-684":{"cost":null,"resolved":false},"processing__p5.js-3068":{"cost":2.1342873,"resolved":true},"processing__p5.js-3680":{"cost":2.4899455500000003,"resolved":true},"processing__p5.js-3709":{"cost":3.177628350000001,"resolved":false},"processing__p5.js-3769":{"cost":2.570580299999999,"resolved":false},"processing__p5.js-4147":{"cost":2.4691968,"resolved":false},"processing__p5.js-4561":{"cost":2.643592649999999,"resolved":true},"processing__p5.js-5305":{"cost":3.5424581999999987,"resolved":false},"processing__p5.js-5555":{"cost":1.9096014000000001,"resolved":false},"processing__p5.js-5771":{"cost":2.90185725,"resolved":true},"processing__p5.js-5794":{"cost":1.8689412000000003,"resolved":false},"processing__p5.js-5855":{"cost":2.602804799999999,"resolved":false},"processing__p5.js-5915":{"cost":3.2488827000000002,"resolved":true},"processing__p5.js-5917":{"cost":4.30683735,"resolved":false},"processing__p5.js-5970":{"cost":2.4454317000000003,"resolved":true},"processing__p5.js-6069":{"cost":1.4042287500000001,"resolved":true},"processing__p5.js-6111":{"cost":2.7438817500000003,"resolved":false}}
