{"babel":{"cost":1.69116005,"resolved":false},"cachetools":{"cost":0.30524562,"resolved":true},"chardet":{"cost":1.4116284800000005,"resolved":false},"cookiecutter":{"cost":1.9976937000000003,"resolved":false},"deprecated":{"cost":0.9047755999999998,"resolved":true},"imapclient":{"cost":1.8747760299999994,"resolved":false},"jinja":{"cost":1.3870914699999999,"resolved":false},"marshmallow":{"cost":1.6840176100000004,"resolved":false},"minitorch":{"cost":1.7014506900000006,"resolved":false},"parsel":{"cost":2.1639027599999996,"resolved":false},"portalocker":{"cost":0.9863842300000001,"resolved":true},"pyjwt":{"cost":2.9943887,"resolved":false},"simpy":{"cost":0.7607318199999998,"resolved":false},"tinydb":{"cost":1.1488382099999996,"resolved":true},"voluptuous":{"cost":1.965455940000001,"resolved":false},"wcwidth":{"cost":1.3257772700000001,"resolved":false}}
