{"Automattic__wp-calypso-21648":{"cost":0.8071895000000001,"resolved":false},"Automattic__wp-calypso-21769":{"cost":3.8309205000000004,"resolved":false},"Automattic__wp-calypso-21964":{"cost":2.361152,"resolved":false},"Automattic__wp-calypso-22242":{"cost":1.20269225,"resolved":true},"Automattic__wp-calypso-22621":{"cost":3.1344130000000003,"resolved":true},"Automattic__wp-calypso-22709":{"cost":1.4748184999999998,"resolved":false},"Automattic__wp-calypso-22782":{"cost":1.1386047499999998,"resolved":false},"Automattic__wp-calypso-23377":{"cost":1.1473947500000001,"resolved":false},"Automattic__wp-calypso-23915":{"cost":3.0728609999999983,"resolved":false},"Automattic__wp-calypso-23991":{"cost":5.96973,"resolved":false},"Automattic__wp-calypso-25160":{"cost":4.765190749999999,"resolved":false},"Automattic__wp-calypso-25257":{"cost":1.8300197499999997,"resolved":false},"Automattic__wp-calypso-25725":{"cost":9.076631500000001,"resolved":false},"Automattic__wp-calypso-25778":{"cost":2.7558800000000008,"resolved":false},"Automattic__wp-calypso-26286":{"cost":0.9794985,"resolved":false},"Automattic__wp-calypso-26335":{"cost":7.225377749999997,"resolved":false},"Automattic__wp-calypso-27090":{"cost":5.84232825,"resolved":true},"Automattic__wp-calypso-33752":{"cost":1.2453985,"resolved":true},"Automattic__wp-calypso-34435":{"cost":13.176899250000009,"resolved":false},"Automattic__wp-calypso-34597":{"cost":8.03963025,"resolved":false},"Automattic__wp-calypso-35531":{"cost":1.3817075,"resolved":false},"chartjs__Chart.js-10301":{"cost":2.443595999999999,"resolved":true},"chartjs__Chart.js-11116":{"cost":3.0296444999999994,"resolved":true},"chartjs__Chart.js-8162":{"cost":17.204253250000004,"resolved":true},"chartjs__Chart.js-8567":{"cost":31.82966624999999,"resolved":true},"chartjs__Chart.js-8650":{"cost":20.801054999999984,"resolved":false},"chartjs__Chart.js-8705":{"cost":2.18648325,"resolved":true},"chartjs__Chart.js-8710":{"cost":4.12198125,"resolved":false},"chartjs__Chart.js-8868":{"cost":10.642928,"resolved":true},"chartjs__Chart.js-9027":{"cost":1.3028530000000003,"resolved":true},"chartjs__Chart.js-9101":{"cost":2.3990105000000006,"resolved":true},"chartjs__Chart.js-9199":{"cost":10.086344249999996,"resolved":false},"chartjs__Chart.js-9367":{"cost":1.25368175,"resolved":true},"chartjs__Chart.js-9399":{"cost":14.403252749999995,"resolved":true},"chartjs__Chart.js-9678":{"cost":13.06238375,"resolved":false},"chartjs__Chart.js-9766":{"cost":9.503924000000001,"resolved":true},"chartjs__Chart.js-9871":{"cost":1.7808457499999997,"resolved":false},"diegomura__react-pdf-1178":{"cost":null,"resolved":false},"diegomura__react-pdf-1280":{"cost":null,"resolved":false},"diegomura__react-pdf-1306":{"cost":0.9055710000000001,"resolved":false},"diegomura__react-pdf-1341":{"cost":0.5299010000000001,"resolved":false},"diegomura__react-pdf-1363":{"cost":2.2455305,"resolved":true},"diegomura__react-pdf-1541":{"cost":null,"resolved":false},"diegomura__react-pdf-1552":{"cost":0.7007780000000001,"resolved":false},"diegomura__react-pdf-471":{"cost":1.152764,"resolved":true},"markedjs__marked-1262":{"cost":1.3919330000000003,"resolved":true},"markedjs__marked-1435":{"cost":3.4927824999999997,"resolved":true},"markedjs__marked-1535":{"cost":2.0295855,"resolved":true},"markedjs__marked-1674":{"cost":0.5594485,"resolved":true},"markedjs__marked-1683":{"cost":1.4788892500000002,"resolved":true},"markedjs__marked-1739":{"cost":1.2653385,"resolved":false},"markedjs__marked-1821":{"cost":0.8150210000000001,"resolved":false},"markedjs__marked-1825":{"cost":0.4867802500000001,"resolved":true},"markedjs__marked-1889":{"cost":3.0424445,"resolved":false},"markedjs__marked-1936":{"cost":1.4539025000000003,"resolved":false},"markedjs__marked-2483":{"cost":1.476869,"resolved":true},"markedjs__marked-2627":{"cost":2.0562679999999998,"resolved":false},"markedjs__marked-2811":{"cost":7.7416227499999986,"resolved":true},"markedjs__marked-684":{"cost":null,"resolved":false},"processing__p5.js-3068":{"cost":1.17699025,"resolved":true},"processing__p5.js-3680":{"cost":2.6756665,"resolved":true},"processing__p5.js-4561":{"cost":7.645510500000002,"resolved":true},"processing__p5.js-5305":{"cost":3.95269375,"resolved":false},"processing__p5.js-5555":{"cost":1.0201272499999998,"resolved":true},"processing__p5.js-5771":{"cost":2.3768812500000003,"resolved":true},"processing__p5.js-5915":{"cost":6.318110000000002,"resolved":true},"processing__p5.js-5970":{"cost":1.3580007500000002,"resolved":true},"processing__p5.js-6069":{"cost":0.7172669999999999,"resolved":true}}
