{"Automattic__wp-calypso-21648":{"cost":0.8567783400000001,"resolved":false},"Automattic__wp-calypso-21769":{"cost":3.3815915200000006,"resolved":false},"Automattic__wp-calypso-21964":{"cost":2.7677688799999998,"resolved":false},"Automattic__wp-calypso-22242":{"cost":0.61931284,"resolved":true},"Automattic__wp-calypso-22621":{"cost":2.87130014,"resolved":false},"Automattic__wp-calypso-22709":{"cost":3.2327958800026875,"resolved":false},"Automattic__wp-calypso-22782":{"cost":1.0511817399999999,"resolved":false},"Automattic__wp-calypso-23377":{"cost":3.175978619999999,"resolved":false},"Automattic__wp-calypso-23915":{"cost":3.2421134,"resolved":false},"Automattic__wp-calypso-23991":{"cost":8.998155140003076,"resolved":false},"Automattic__wp-calypso-25160":{"cost":3.3931386000000017,"resolved":false},"Automattic__wp-calypso-25257":{"cost":1.3260786400000002,"resolved":false},"Automattic__wp-calypso-25725":{"cost":3.8084186,"resolved":false},"Automattic__wp-calypso-25778":{"cost":4.28913004,"resolved":false},"Automattic__wp-calypso-26286":{"cost":1.05095644,"resolved":true},"Automattic__wp-calypso-26335":{"cost":4.8196858400057625,"resolved":false},"Automattic__wp-calypso-27090":{"cost":4.671641160000575,"resolved":false},"Automattic__wp-calypso-33752":{"cost":4.246011280002688,"resolved":true},"Automattic__wp-calypso-34435":{"cost":3.114451040000001,"resolved":false},"Automattic__wp-calypso-34597":{"cost":3.4416674800026863,"resolved":false},"Automattic__wp-calypso-35531":{"cost":1.2819610399999999,"resolved":false},"chartjs__Chart.js-10301":{"cost":1.3771151199999998,"resolved":true},"chartjs__Chart.js-11116":{"cost":4.0480915,"resolved":true},"chartjs__Chart.js-8162":{"cost":7.859218959999999,"resolved":false},"chartjs__Chart.js-8567":{"cost":6.538520619999999,"resolved":false},"chartjs__Chart.js-8650":{"cost":5.518112710000001,"resolved":false},"chartjs__Chart.js-8705":{"cost":2.8721911400000004,"resolved":true},"chartjs__Chart.js-8710":{"cost":2.576578840003456,"resolved":false},"chartjs__Chart.js-8868":{"cost":13.458506950000386,"resolved":false},"chartjs__Chart.js-9027":{"cost":2.05780232,"resolved":true},"chartjs__Chart.js-9101":{"cost":5.359735140000001,"resolved":true},"chartjs__Chart.js-9199":{"cost":7.957831959999999,"resolved":true},"chartjs__Chart.js-9367":{"cost":1.7282925,"resolved":true},"chartjs__Chart.js-9399":{"cost":21.082517214000003,"resolved":false},"chartjs__Chart.js-9678":{"cost":7.523639480008065,"resolved":false},"chartjs__Chart.js-9766":{"cost":8.713018640002689,"resolved":true},"chartjs__Chart.js-9871":{"cost":1.3830666800000002,"resolved":false},"diegomura__react-pdf-1178":{"cost":1.2601669199999996,"resolved":true},"diegomura__react-pdf-1280":{"cost":null,"resolved":false},"diegomura__react-pdf-1306":{"cost":1.2410926000003837,"resolved":false},"diegomura__react-pdf-1341":{"cost":0.3854596,"resolved":true},"diegomura__react-pdf-1363":{"cost":2.5654236799999994,"resolved":false},"diegomura__react-pdf-1541":{"cost":2.9187819200040326,"resolved":true},"diegomura__react-pdf-1552":{"cost":1.4997914,"resolved":false},"diegomura__react-pdf-471":{"cost":1.2270493699999996,"resolved":true},"markedjs__marked-1262":{"cost":1.1931865599999998,"resolved":false},"markedjs__marked-1435":{"cost":4.11632172,"resolved":false},"markedjs__marked-1535":{"cost":0.6691258800000001,"resolved":false},"markedjs__marked-1674":{"cost":0.75513296,"resolved":true},"markedjs__marked-1683":{"cost":2.28152378,"resolved":true},"markedjs__marked-1739":{"cost":0.9145866,"resolved":false},"markedjs__marked-1821":{"cost":5.91279684,"resolved":false},"markedjs__marked-1825":{"cost":0.50868052,"resolved":true},"markedjs__marked-1889":{"cost":6.736088360002686,"resolved":false},"markedjs__marked-1936":{"cost":1.75661104,"resolved":false},"markedjs__marked-2483":{"cost":1.1540806400003845,"resolved":false},"markedjs__marked-2627":{"cost":2.93443068,"resolved":false},"markedjs__marked-2811":{"cost":6.6400346999999975,"resolved":true},"markedjs__marked-684":{"cost":1.8034856399999997,"resolved":true},"processing__p5.js-3068":{"cost":0.9314720800000003,"resolved":true},"processing__p5.js-3680":{"cost":4.818968349999998,"resolved":true},"processing__p5.js-4561":{"cost":4.22626476,"resolved":true},"processing__p5.js-5305":{"cost":3.4801820399999994,"resolved":false},"processing__p5.js-5555":{"cost":5.761636920003077,"resolved":true},"processing__p5.js-5771":{"cost":1.5024233200000006,"resolved":true},"processing__p5.js-5915":{"cost":4.03669464,"resolved":true},"processing__p5.js-5970":{"cost":1.965557840000576,"resolved":true},"processing__p5.js-6069":{"cost":1.0826621600000002,"resolved":true}}
