{"Automattic__wp-calypso-21648":{"cost":0.11033764023303788,"resolved":false},"Automattic__wp-calypso-21769":{"cost":0.24089905837348227,"resolved":false},"Automattic__wp-calypso-21964":{"cost":0.2567290160258008,"resolved":true},"Automattic__wp-calypso-22242":{"cost":0.1651925828985986,"resolved":true},"Automattic__wp-calypso-22621":{"cost":0.35327936734761106,"resolved":false},"Automattic__wp-calypso-22709":{"cost":0.27413456771303457,"resolved":false},"Automattic__wp-calypso-22782":{"cost":0.13878940430819864,"resolved":false},"Automattic__wp-calypso-23377":{"cost":0.3622671330113274,"resolved":false},"Automattic__wp-calypso-23915":{"cost":0.5315463295525071,"resolved":false},"Automattic__wp-calypso-23991":{"cost":0.3347060128803567,"resolved":false},"Automattic__wp-calypso-25160":{"cost":0.42869255795979927,"resolved":false},"Automattic__wp-calypso-25257":{"cost":0.2140668578597249,"resolved":false},"Automattic__wp-calypso-25725":{"cost":0.401531688135909,"resolved":false},"Automattic__wp-calypso-25778":{"cost":0.43525608292300816,"resolved":false},"Automattic__wp-calypso-26286":{"cost":0.15530628429913237,"resolved":true},"Automattic__wp-calypso-26335":{"cost":0.6473241255535483,"resolved":false},"Automattic__wp-calypso-27090":{"cost":0.34340072571054114,"resolved":false},"Automattic__wp-calypso-33752":{"cost":0.3140920779344832,"resolved":true},"Automattic__wp-calypso-34435":{"cost":0.31999176746084745,"resolved":false},"Automattic__wp-calypso-34597":{"cost":0.36037621134318176,"resolved":false},"Automattic__wp-calypso-35531":{"cost":0.21050103367467518,"resolved":false},"chartjs__Chart.js-10301":{"cost":0.17484395196999591,"resolved":true},"chartjs__Chart.js-11116":{"cost":0.3584978192498664,"resolved":true},"chartjs__Chart.js-8162":{"cost":1.139051582309813,"resolved":false},"chartjs__Chart.js-8567":{"cost":0.5944410827342034,"resolved":false},"chartjs__Chart.js-8650":{"cost":1.0011746326871758,"resolved":false},"chartjs__Chart.js-8705":{"cost":0.47510082697098366,"resolved":false},"chartjs__Chart.js-8710":{"cost":0.21566600285473808,"resolved":false},"chartjs__Chart.js-8868":{"cost":0.5197578558704643,"resolved":false},"chartjs__Chart.js-9027":{"cost":0.15684649388661023,"resolved":true},"chartjs__Chart.js-9101":{"cost":0.4334906890323294,"resolved":true},"chartjs__Chart.js-9199":{"cost":0.858480757629763,"resolved":false},"chartjs__Chart.js-9367":{"cost":0.20990483473899813,"resolved":true},"chartjs__Chart.js-9399":{"cost":0.5085743982323125,"resolved":false},"chartjs__Chart.js-9678":{"cost":0.7547268288971606,"resolved":false},"chartjs__Chart.js-9766":{"cost":1.3119261867543919,"resolved":false},"chartjs__Chart.js-9871":{"cost":0.23457533555077636,"resolved":false},"diegomura__react-pdf-1178":{"cost":0.32734523571127655,"resolved":true},"diegomura__react-pdf-1280":{"cost":0.20060905036070262,"resolved":true},"diegomura__react-pdf-1306":{"cost":0.13556129857065938,"resolved":false},"diegomura__react-pdf-1341":{"cost":0.150189925228828,"resolved":false},"diegomura__react-pdf-1363":{"cost":0.379530218792157,"resolved":true},"diegomura__react-pdf-1541":{"cost":0.43604300983110267,"resolved":true},"diegomura__react-pdf-1552":{"cost":0.6022278654475153,"resolved":false},"diegomura__react-pdf-471":{"cost":0.11758704340362612,"resolved":true},"markedjs__marked-1262":{"cost":0.4286006744110435,"resolved":false},"markedjs__marked-1435":{"cost":0.4096594377050205,"resolved":false},"markedjs__marked-1535":{"cost":0.3328130029497393,"resolved":false},"markedjs__marked-1674":{"cost":0.1540370847746515,"resolved":true},"markedjs__marked-1683":{"cost":0.42289217691542375,"resolved":true},"markedjs__marked-1739":{"cost":0.1990713930940235,"resolved":false},"markedjs__marked-1821":{"cost":0.20251795428902145,"resolved":false},"markedjs__marked-1825":{"cost":0.16645134111072085,"resolved":true},"markedjs__marked-1889":{"cost":0.29398663490047433,"resolved":false},"markedjs__marked-1936":{"cost":0.18524094675838035,"resolved":false},"markedjs__marked-2483":{"cost":0.24758370256005108,"resolved":false},"markedjs__marked-2627":{"cost":0.30419835440178417,"resolved":false},"markedjs__marked-2811":{"cost":0.5482012668957381,"resolved":true},"markedjs__marked-684":{"cost":0.2756799979566918,"resolved":true},"processing__p5.js-3068":{"cost":0.19130398481586608,"resolved":false},"processing__p5.js-3680":{"cost":0.3229550119082231,"resolved":true},"processing__p5.js-4561":{"cost":0.5954084123169385,"resolved":true},"processing__p5.js-5305":{"cost":0.9799385115393106,"resolved":false},"processing__p5.js-5555":{"cost":0.1938145403652048,"resolved":true},"processing__p5.js-5771":{"cost":0.24806098654942166,"resolved":true},"processing__p5.js-5915":{"cost":0.2995801619455676,"resolved":true},"processing__p5.js-5970":{"cost":0.3309373952063863,"resolved":false},"processing__p5.js-6069":{"cost":0.24529357471606092,"resolved":true}}
