{"babel":{"cost":null,"resolved":false},"cachetools":{"cost":0.8809877499999998,"resolved":true},"chardet":{"cost":9.412776750000004,"resolved":true},"cookiecutter":{"cost":17.280263499999997,"resolved":false},"deprecated":{"cost":1.1795317499999998,"resolved":true},"imapclient":{"cost":12.951948000000003,"resolved":true},"jinja":{"cost":null,"resolved":false},"marshmallow":{"cost":31.808878250000006,"resolved":true},"minitorch":{"cost":9.37700225,"resolved":true},"parsel":{"cost":3.9149682500000003,"resolved":false},"portalocker":{"cost":1.4797399999999998,"resolved":false},"pyjwt":{"cost":6.569146999999998,"resolved":false},"simpy":{"cost":8.256033750000004,"resolved":true},"tinydb":{"cost":2.6119305,"resolved":true},"voluptuous":{"cost":14.436152,"resolved":true},"wcwidth":{"cost":2.9200709999999996,"resolved":false}}
