{"babel":{"cost":34.732634666666634,"resolved":false},"cachetools":{"cost":1.2609801666666667,"resolved":true},"chardet":{"cost":9.145944,"resolved":false},"cookiecutter":{"cost":30.54978150000001,"resolved":false},"deprecated":{"cost":1.7523361666666666,"resolved":true},"imapclient":{"cost":12.279598916666671,"resolved":true},"jinja":{"cost":14.638003000000005,"resolved":true},"marshmallow":{"cost":null,"resolved":false},"minitorch":{"cost":null,"resolved":false},"parsel":{"cost":10.27444025,"resolved":false},"portalocker":{"cost":11.185149749999997,"resolved":true},"pyjwt":{"cost":9.491694333333335,"resolved":false},"simpy":{"cost":10.997298833333335,"resolved":true},"tinydb":{"cost":5.897473749999998,"resolved":true},"voluptuous":{"cost":12.55432591666667,"resolved":true},"wcwidth":{"cost":1.4027620833333336,"resolved":false}}
