{"Automattic__wp-calypso-21648":{"cost":0.41601539999999987,"resolved":false},"Automattic__wp-calypso-21769":{"cost":3.5472596500000013,"resolved":false},"Automattic__wp-calypso-21964":{"cost":0.7659973999999997,"resolved":false},"Automattic__wp-calypso-22242":{"cost":0.4028178,"resolved":true},"Automattic__wp-calypso-22621":{"cost":3.0164907999999993,"resolved":false},"Automattic__wp-calypso-22709":{"cost":1.29946485,"resolved":true},"Automattic__wp-calypso-22782":{"cost":0.44886270000000006,"resolved":false},"Automattic__wp-calypso-23377":{"cost":0.77712865,"resolved":false},"Automattic__wp-calypso-23915":{"cost":8.46745775,"resolved":false},"Automattic__wp-calypso-23991":{"cost":0.66868625,"resolved":false},"Automattic__wp-calypso-25160":{"cost":4.387089600000002,"resolved":false},"Automattic__wp-calypso-25257":{"cost":1.1011972,"resolved":false},"Automattic__wp-calypso-25725":{"cost":3.0365174499999994,"resolved":false},"Automattic__wp-calypso-25778":{"cost":1.7699251,"resolved":false},"Automattic__wp-calypso-26286":{"cost":0.4286273499999999,"resolved":true},"Automattic__wp-calypso-26335":{"cost":6.154542499999998,"resolved":false},"Automattic__wp-calypso-27090":{"cost":3.75110065,"resolved":false},"Automattic__wp-calypso-33752":{"cost":2.39306505,"resolved":false},"Automattic__wp-calypso-34435":{"cost":3.9557485000000012,"resolved":false},"Automattic__wp-calypso-34597":{"cost":2.0842831,"resolved":false},"Automattic__wp-calypso-35531":{"cost":0.9202389,"resolved":false},"chartjs__Chart.js-10301":{"cost":0.6584534000000002,"resolved":true},"chartjs__Chart.js-11116":{"cost":1.3378252999999996,"resolved":true},"chartjs__Chart.js-8162":{"cost":6.189475599999998,"resolved":false},"chartjs__Chart.js-8567":{"cost":8.932472199999998,"resolved":false},"chartjs__Chart.js-8650":{"cost":5.727281799999999,"resolved":false},"chartjs__Chart.js-8705":{"cost":0.8679439999999999,"resolved":false},"chartjs__Chart.js-8710":{"cost":2.3257130999999993,"resolved":false},"chartjs__Chart.js-8868":{"cost":6.869309699999998,"resolved":true},"chartjs__Chart.js-9027":{"cost":1.7442597,"resolved":true},"chartjs__Chart.js-9101":{"cost":1.8066416500000004,"resolved":true},"chartjs__Chart.js-9199":{"cost":4.90314415,"resolved":false},"chartjs__Chart.js-9367":{"cost":0.6975341999999999,"resolved":true},"chartjs__Chart.js-9399":{"cost":2.1034770999999997,"resolved":false},"chartjs__Chart.js-9678":{"cost":7.3583814,"resolved":false},"chartjs__Chart.js-9766":{"cost":7.583945700000003,"resolved":true},"chartjs__Chart.js-9871":{"cost":0.703402,"resolved":false},"diegomura__react-pdf-1178":{"cost":0.5125441500000001,"resolved":true},"diegomura__react-pdf-1280":{"cost":0.5351187999999999,"resolved":false},"diegomura__react-pdf-1306":{"cost":0.6949392499999998,"resolved":false},"diegomura__react-pdf-1341":{"cost":0.15671545,"resolved":false},"diegomura__react-pdf-1363":{"cost":1.8431875000000002,"resolved":false},"diegomura__react-pdf-1541":{"cost":1.1882875,"resolved":true},"diegomura__react-pdf-1552":{"cost":0.3433592,"resolved":false},"diegomura__react-pdf-471":{"cost":1.3926591499999996,"resolved":true},"markedjs__marked-1262":{"cost":0.7082635,"resolved":false},"markedjs__marked-1435":{"cost":2.06461355,"resolved":true},"markedjs__marked-1535":{"cost":0.3135769,"resolved":false},"markedjs__marked-1674":{"cost":0.35695669999999996,"resolved":true},"markedjs__marked-1683":{"cost":1.2269531500000004,"resolved":false},"markedjs__marked-1739":{"cost":0.49582935,"resolved":false},"markedjs__marked-1821":{"cost":0.4288166000000001,"resolved":false},"markedjs__marked-1825":{"cost":0.3761874,"resolved":true},"markedjs__marked-1889":{"cost":1.9609838499999999,"resolved":false},"markedjs__marked-1936":{"cost":1.6366690499999996,"resolved":false},"markedjs__marked-2483":{"cost":0.8112757500000002,"resolved":false},"markedjs__marked-2627":{"cost":1.4915329499999999,"resolved":false},"markedjs__marked-2811":{"cost":5.188989299999999,"resolved":false},"markedjs__marked-684":{"cost":0.0,"resolved":false},"processing__p5.js-3068":{"cost":0.28853945,"resolved":false},"processing__p5.js-3680":{"cost":1.5977540000000003,"resolved":true},"processing__p5.js-4561":{"cost":3.3358179999999997,"resolved":true},"processing__p5.js-5305":{"cost":2.171241,"resolved":false},"processing__p5.js-5555":{"cost":1.1276976,"resolved":true},"processing__p5.js-5771":{"cost":1.3508935999999994,"resolved":true},"processing__p5.js-5915":{"cost":2.3733230000000005,"resolved":true},"processing__p5.js-5970":{"cost":0.7668415000000001,"resolved":true},"processing__p5.js-6069":{"cost":0.1697617,"resolved":true}}
